QUAD,SP,XCO,YCO
1,SHORP2,1.8,5
1,MESURA,3.3,5
1,CANAPA,6,1.8
1,PAYELU,7.9,4.7
1,GIROPA,7.6,6.9
1,MACALO,9.5,6.8
1,DACRR1,9.7,10.9
1,MACALO,0,0
1,KOOMMA,10.7,11.6
1,NAUCOF,10.5,11.8
1,SHORL1,3.9,10.8
1,APORPR,4,12.7
1,GREWMI,1.6,13.7
1,MACALO,3.6,10.6
1,EUGEPE,2.3,11.3
1,RYPAKU,2.4,18.2
1,EUGEDE,8.3,15.9
1,AAAAAA,0,0
1,IXONIC,9.2,17.8
1,APORPE,6.7,17.6
1,APORPE,0,0
1,GANUSN,17.9,12.4
1,XYLOM1,18,14.2
1,ARTOIS,19.5,12.2
1,APORCO,19.1,12
1,SHORM1,18.2,12.8
1,ALANRI,19,11.2
1,PORTAN,19.1,10.6
1,SHORP2,18.6,19
1,DIPTC1,19.7,10.6
1,MACALO,20,10.5
1,LITHCU,17.5,4
1,BUCHSE,15.4,6.1
1,EUGEFL,14.3,6.4
1,XERONO,14.5,7.5
1,APORBR,16,8
1,CROTLA,15.6,6.4
1,PTYCCO,15.6,1.1
1,DIPTC1,15.7,0.7
1,DIOSNU,16.2,0.5
1,KNEMMA,14.6,0
1,KOOMMA,10.4,0.2
1,ARCHDI,8.5,1.2
1,XYLOM2,8.8,1.4
2,MANGQU,31.1,2.5
2,OCHAAM,22.8,1.3
2,AAAAAA,0,0
2,EUGECL,27.8,3.8
2,SHORM1,32.3,2.8
2,SANTAP,31,1.2
2,HORSCR,28.5,1
2,CALODI,32.5,4.3
2,DACRR1,33.5,0.4
2,CLE1SU,33.7,2
2,IXONIC,28.4,7.7
2,DACRR1,29.7,8.9
2,DACRR1,22.5,6.6
2,DACRR1,23.1,6.7
2,APORBR,24.1,7.1
2,SHORP1,23.5,7
2,ARTOIS,21.1,8.6
2,NEPHOP,21.4,6.2
2,AAAAAA,0,0
2,NEOSKI,29.3,16.5
2,POL1HY,30.8,15.3
2,HERISI,32.1,17.4
2,CHISTO,34,19.5
2,DIPTC1,33.2,19
2,DIPTC1,36.8,19.3
2,MACALO,39.4,17.2
2,CALODI,39.6,15
2,EUGERI,37.8,12.8
2,GARCRO,37.1,13.5
2,POMEPA,37.4,8.1
2,PIMEGR,38.2,9.6
2,DACRR1,36,7.3
2,ANI2CO,37.1,10.2
2,SANTLA,35.3,9.8
2,ACROPO,36.1,4.7
2,GLUTEL,39.9,2.7
2,DACRRO,39.5,1.7
3,CRY1GR,42.3,2.2
3,CLE1SU,45,2.7
3,ADENBI,46.9,6.1
3,APORPR,0,0
3,CYNOMA,42.5,4.2
3,DIPLMA,41.4,7
3,EUGETU,46.2,7.2
3,MACALO,42.4,12.8
3,MANGQU,43.2,12.9
3,CLE1SU,0,0
3,DIALPL,44.7,11.4
3,GANUSN,40.4,13.4
3,CALODI,42,14.8
3,DACRR1,42.8,17.2
3,SHORP1,44.4,18.3
3,EUGEC1,45,16.9
3,CLE1SU,48,15
3,MYRICI,49.5,15.8
3,GARCNE,47.3,15.8
3,IXONIC,48.9,13.7
3,EUGEIN,52.3,11.4
3,OCHAAM,48.7,11.8
3,BUCHSE,49,12
3,GREWMI,48,12
3,SAR1GR,55.6,16.1
3,RYPAKU,56.2,17
3,PAYELU,56.6,16.5
3,CLE1SU,58,12.2
3,PORTAN,58.8,11.4
3,CARABR,58.4,7.9
3,NEOBHE,56.7,4.5
3,BEILL1,55.2,2.2
3,MACALO,55,0.6
4,DIPTC1,63.4,0.4
4,POMEPA,61,3.5
4,SCA1SP,69.5,1.8
4,ALPHEL,61.8,3.3
4,GIRONE,60.9,4.8
4,OCHAAM,63.6,6.1
4,CLE1SU,65.5,4.9
4,GIRONE,67.5,4.9
4,SHORP2,70.5,6
4,GREWMI,71.6,6.5
4,SHORM1,73.8,6.1
4,SHOROV,74.2,3.5
4,KNEMSC,68.2,6.5
4,APORPR,69.4,7.2
4,DACRRI,71,7.6
4,LITHEW,71.5,7
4,CASTME,68.4,9.1
4,ALPHMA,71.2,11
4,XANTEU,71.1,14.3
4,ALPHMA,67.7,15.7
4,SHORL1,68.7,18.9
4,SHORAC,69.1,17.1
4,ARCHDU,67.8,16.1
4,MACALO,67.9,16.5
4,DIOSRU,66.5,15.2
4,PORTAN,65,16.8
4,MACALO,63.4,19
4,DIOSS1,61.1,17.2
4,DIPLMA,62,15.7
4,RYPAKU,76.7,13.1
4,XANTEU,78.8,14.1
4,PIMEGR,79,13.3
4,DIPTC1,79.5,12.4
4,SHORAC,78.5,10.2
4,ARCHBU,72.9,7.9
4,LITHEW,79.3,7
4,CLE1SU,77.9,4.6
4,KNEMLA,80,3.6
4,ARCHBU,79,1.4
4,ALANEB,79.2,1
4,SHORP1,76,0.4
5,QUERAR,85.1,5.4
5,DIPTC1,86.6,5.5
5,RYPAKU,89.7,5.8
5,CLE1SU,85.9,8.9
5,IXONIC,84,7.3
5,DIOSAP,81,5.4
5,VATIBE,85.6,13.7
5,MACALO,82.7,14.7
5,MANGG1,85,16.3
5,MACALO,82,19.8
5,MACALO,86.7,16.8
5,DACRR2,92.2,17.2
5,OCHAAM,95.6,17.4
5,MACALO,95,18.2
5,ALANEB,95.4,17.2
5,OCHAAM,92,0.4
5,SCOLSP,96.5,15.2
5,KOILLO,94.2,11.7
5,HORSPS,0,0
5,DACRR2,98.1,16.3
5,QUERAR,98,17.1
5,SHORP2,99.1,19.4
5,DILLSU,90,19
5,SCA1SP,98.4,7.7
5,ATUNEX,96.7,3.3
5,SHORP2,97.4,2.1
5,ELATTA,96.1,2.3
5,PARKSP,99.2,3.5
5,RYPAAC,93.7,4.3
5,POL1JE,93.2,2.3
5,MONOMA,0,0
5,DIOSSU,92.5,1.2
5,DIOSBU,91.2,0.5
6,KOOMMA,80.5,21
6,DIOSLA,81.6,20.6
6,GONYMA,84.7,22.3
6,SHORM2,86.6,24.5
6,SHORP2,85.8,25.5
6,ANTICO,81.1,27.4
6,CRY1GR,80.3,26.9
6,MACALO,83.2,29.4
6,MYRIM1,82.4,30.2
6,XANTRU,80.8,28.2
6,MACAHY,81.8,30.5
6,CROTLA,81.6,28
6,MACALO,86.7,29.3
6,BHESPA,89.1,29.5
6,MACACO,81.2,22.2
6,KNEMFU,86.7,30.2
6,NEOSKI,88.4,32.1
6,MACAHY,89.3,31
6,MEL1FU,89.2,32.7
6,AIDICO,89.8,34.2
6,MESUFE,86.8,32.4
6,SCA2LI,86.4,33
6,DACRR1,0,0
6,EUGECL,86.9,33.8
6,XANTRU,82.9,34.9
6,XANTEU,82.4,35.7
6,PAROVA,85.3,38.4
6,GARCPA,0,0
6,PAR1OB,85.1,39.4
6,ARDICO,86,39
6,DIPTC1,86,39.2
6,DIPLMA,89.3,37.7
6,SCA1SP,89.5,36.5
6,NEOBHE,93,36.6
6,KNEMSC,81.6,38.5
6,NEOBHE,81.7,39
6,CANALL,81.2,39.7
6,MEL1FU,92.4,35
6,MEMEO2,93.2,39.8
6,CYATRA,96.9,37.7
6,XYLOM2,98.6,36.9
6,DYERCO,97.8,34.7
6,EUGESA,98.1,34.2
6,POL1SU,98.3,31.5
6,BEILDI,97.4,31.2
6,SANTLA,93.6,29.9
6,ARTOIS,94,28.5
6,MACALO,94.8,26
6,ARCHBU,97.1,26.6
6,SANTLA,98.9,23.6
6,GARCMA,99,22.1
6,DIPTC1,99.5,26.4
6,DRYPKI,99.7,21
6,SANTLA,98.2,20.3
6,GARCPA,99.6,20.4
6,MESURA,94.5,20.7
6,POL1SU,93.4,22.8
6,EUGERI,93.5,25.4
6,XERONO,91.3,21.9
6,MACALO,89.4,23.7
7,BOUEOP,62.9,22.2
7,SANDKO,63.7,22
7,IXONIC,64.4,23.5
7,XANTEU,71,25.2
7,GONYMA,0,0
7,SHORM2,62.6,27
7,DACRRO,62.2,25.4
7,SHORP1,64.6,26
7,CROTLA,64.7,30.9
7,IXONIC,64.1,33.5
7,XERONO,66.2,33.9
7,ALPHEL,71.1,34.1
7,DIALWA,70.5,35.3
7,BACCRE,66.4,38.1
7,ARTOIS,68.3,38.9
7,KNEMLA,72.5,38.5
7,AIDICO,69.1,39.2
7,DACRLA,70.8,34.6
7,EUGEPR,74,32.8
7,BACCRE,74.8,35.2
7,PTYCCO,77,38.9
7,LANSDO,77.6,36.2
7,DURIGR,77.4,32.1
7,LEPISE,78.3,30.7
7,EUGEKO,74.6,26.7
7,EUGETU,71.8,27.4
7,TRI3MA,72,28.6
7,SHORL1,72,27
7,DACRR1,77.9,24.6
7,PALAH2,78.3,22.1
7,NEPHCO,78,21
7,SANTLA,79.5,20.4
7,SHORL1,76.5,20.8
7,MILLAT,74.5,20.3
8,SHORP1,47.1,23.6
8,PORTAN,0,0
8,SANTLA,48.5,22
8,DIOSAP,44.6,26.3
8,XANTEU,47.4,27.3
8,ALPHEL,48.2,30.2
8,DACRR1,44.6,29
8,IXONIC,50,30.3
8,NAUCOF,40.9,36.9
8,EUGECL,40.6,32.1
8,STERPA,41.4,35.4
8,PIMEGR,40.8,34.8
8,EUGERI,40.5,30.8
8,MONOMA,44.5,36.9
8,IXONIC,41.6,39
8,VATIBE,45.4,37
8,SHORM2,46,38.2
8,CROTLA,47.2,38.5
8,SHORL2,49,38.9
8,SHORL1,48.8,38.5
8,NEPHER,51,38
8,EUGEDE,52,34.4
8,CHISER,52.7,34.3
8,HOPEME,54.1,35.2
8,XANTEU,55.9,32
8,MEMEO2,57.9,33.6
8,MESURA,59.9,36.4
8,GIROPA,55.2,39.1
8,APORPR,0,0
8,KOOMMA,56.7,36.4
8,SHORL1,54.5,22.5
8,SHORL1,55.7,22.5
8,SHORL1,55.4,36.6
8,CALODI,57,26.7
8,SHORP1,56.2,28.4
8,DURIGR,56.5,30
8,ELAERU,50.3,26
8,CALODI,58.3,22
8,HERISI,51,21.5
8,APORAR,49.5,21
9,EUGEDE,26.4,20.2
9,PAYEMA,20.1,20
9,PAYELU,31.3,20.8
9,SHORL1,26,24.7
9,PAYEMA,27.7,24.2
9,HOPEME,0,0
9,CYNOMA,25.5,27.9
9,SYMPC2,20.4,28.7
9,KOKOOC,23.2,26.6
9,RYPAKU,21.5,32.9
9,CROTLA,21.8,31
9,ATUNEX,24,34.7
9,LEPISE,24.3,36.9
9,SHORAC,22,38.4
9,LITSM2,28.2,39.2
9,EUGEDE,29.5,34.6
9,LITHWA,30.7,34.1
9,MANGQU,35.8,38.7
9,ELAENI,36.8,33.4
9,BUCHSE,37.3,33.7
9,CRY1GR,39,35
9,ELAEFE,36.5,31
9,SANTLA,36,30.5
9,GONYMA,34.9,29.9
9,IXONIC,38.7,30
9,APORNE,36.8,23.8
9,DACRCO,38.5,25.6
9,PTYCCO,40,21.3
10,DILLSU,0.7,21.9
10,CALOTE,8.7,23.2
10,EUGEC1,7,24.7
10,LITHCU,3.5,29
10,HORSPO,3.8,31.1
10,NEOSKI,1.8,35.1
10,HORSPS,1,32.4
10,HUNTZE,0.5,35
10,XANTAF,0.7,35.7
10,APORPE,0.6,38.8
10,CANAPA,0.7,39.3
10,TRI2MA,2.9,39.8
10,SANTLA,9.8,37.3
10,QUERAR,10.3,39.6
10,AGLAE1,8.5,39.1
10,DACRRO,8.3,35
10,DACRR1,12.7,33.1
10,CROTLA,15.5,35.7
10,MESUGR,19.5,33.6
10,EUGEDE,16.2,30.4
10,GANUSN,19.8,38.7
10,SANTLA,19.5,38.5
10,ARTORI,13.1,28.8
10,KNEMMA,12.3,28.8
10,DIOSBU,12.4,27.9
10,EUGEFI,12.3,28
10,POMEPA,14.1,26
10,INTSPA,15,27.4
10,GREWAN,19.1,25.6
10,MESUGR,16.3,21.5
10,DIOSAP,16.1,23.6
10,SHORAC,14.6,21.5
10,EUGERI,18.1,21.2
10,KNEMSC,14,21.4
10,DRYPLO,11.8,20.9
11,MACALO,7.1,40.3
11,MACALO,10.6,40.5
11,SCA1SP,9.4,44.4
11,BOUEMA,10.5,46
11,PSYD10,10.8,47.3
11,EUGENA,11.5,48.5
11,NEOSKI,13.4,47.8
11,DACRR1,9.1,47.1
11,CALOTE,5.2,47.1
11,CINNIN,1.2,46.7
11,PTEIEC,2.5,46.2
11,POL1JE,10.8,48.3
11,DRYPLO,0.4,45
11,ARTORI,3,43.8
11,DIOSAP,0,0
11,PORTAN,0.5,42.2
11,IXONIC,3.7,40.4
11,EUGEPU,3.8,44.4
11,BEILDI,9.4,57.4
11,DIALPA,5.1,57.3
11,EUGEFI,3.3,55.3
11,SHORP1,1.2,56.2
11,PAYELU,6.5,56.2
11,APORAU,5.4,53.4
11,HERISI,1.3,57.8
11,XYLOFE,2.5,59.7
11,MALLPE,12.2,57.8
11,HORSS2,2.4,57.8
11,MANGQU,12.8,56
11,LITSNI,0,0
11,EUGEPR,13.6,55.4
11,BOUEMA,14.4,54
11,XYLOM2,15.1,53.3
11,CANALR,15.4,57.5
11,APORBR,17.8,59.2
11,MADHL1,19,55.3
11,BEILDI,18,52.9
11,BEILDI,18,50.9
11,ARCHCL,15.5,51
11,PEN1MO,16.5,48.7
11,XANTAF,16.3,49
11,KIBAAR,19.5,46.4
11,KNEMHO,20,45.1
11,XYLOM2,18.5,43.1
11,PIMEGR,14.4,41.3
12,SCA1SP,0,0
12,RYPAAC,23.6,42
12,CANALT,24.8,42.3
12,SHORM2,27.4,42.4
12,ATUNEX,25.7,44.4
12,LEPISE,28.2,46.2
12,DACRR1,27.9,48
12,EUGEPR,28.5,48.8
12,ANI1LA,23.4,46.2
12,ALANRI,21.6,46.1
12,ANI1LA,25.3,51.9
12,LEPISE,0,0
12,LANSDO,23.7,55.2
12,TRIOMA,25.8,55.2
12,PYREAC,23.5,57
12,CALODI,24.5,57.5
12,SHORP2,24.2,58
12,APORBR,28.3,56.2
12,EUGESU,28.4,57.4
12,GREWMI,31.2,57.4
12,IXONIC,31.9,56.5
12,ANI1LA,33,55.6
12,MESUGR,36,56.7
12,KNEMLA,37.6,58.7
12,BACCPY,38.7,56.7
12,SANDKO,34.3,49.2
12,DACRR1,36.2,57
12,SCA1SP,35.2,48.2
12,MEL1AU,35.2,47
12,MACALO,35.5,46.4
12,CROTLA,36.6,47.2
12,BEILKU,34.7,45.9
12,RYPAAC,32,46.7
12,ALANRI,31.6,49.8
12,CANALR,30.9,43.5
12,EUGEO1,30.8,40.4
12,DIOSBU,20.4,44.2
12,AAAAAA,0,0
12,MILLAT,0,0
12,SHORM1,38.1,41.1
13,DACRR1,42.4,42.7
13,DIOSBU,44.4,40.1
13,CANTDI,46.7,41.5
13,LITHCU,47.7,43.4
13,XANTAM,47.7,45.1
13,DIPTC1,48.4,45.1
13,MACALO,52.7,44.2
13,MACALO,53.1,45.7
13,POL1OB,54.3,44.5
13,SYMPC2,47.7,48.3
13,BUCHSE,50.1,48.6
13,KOILLO,49.3,51.3
13,PTYCCO,52.3,51.7
13,CROTLA,0,0
13,XANTEU,46.4,54.9
13,ARCHBU,44.5,54.2
13,CROTLA,42.4,53.2
13,AIDIWA,42,51.5
13,TRI3LA,41.3,55.1
13,SANTAP,42,59.4
13,TRI3LA,40.2,59
13,PTYCCO,45.4,59.7
13,SHORAC,44.8,58.3
13,MESUFE,57.3,57.3
13,SHORL1,54.1,56.3
13,DACRR1,53.8,58.4
13,POMEPA,58,40.3
13,LEPISE,58.3,46.3
13,DIOSAP,57.3,41.7
13,KOOMMA,56.8,41.8
14,DIPLMA,60.4,50.4
14,MACALO,78.3,49.7
14,QUERAR,64.9,43.1
14,CALOMA,0,0
14,LITHCU,61.7,53
14,AAAAAA,62.4,48.3
14,SAPIBA,62.6,50.2
14,EUGERI,63,53.1
14,DIPTC1,65.8,52.5
14,VATIBE,66.7,52.1
14,DIOSSI,67.7,51.1
14,PAR1OB,64.5,54.5
14,GIRONE,66.1,55.1
14,ARCHBU,69.9,50.1
14,SANDKO,72.7,48.2
14,LITHCU,69.2,48
14,GYNOAX,66.5,47.5
14,BEILDI,67.2,50
14,MYRIM3,66,59.5
14,GLUTM2,73.4,52.3
14,RYPAKU,72.6,50.5
14,PIMEGR,72.5,52
14,SHORM2,71.4,52.2
14,ORMOPE,75.5,48.4
14,NEOBHE,0,0
14,CANAPA,71.6,54.9
14,NAUCOF,75.9,47.3
14,DIPLMA,77.6,55.3
14,PAROVA,78.8,57.8
14,QUERAR,79.5,53
14,SHORM2,79,47.4
14,KNEMSC,79.1,45.2
14,MANGQU,76.7,44.2
14,PORTAN,75.8,44.5
14,NOTHUM,72.5,45
14,STYRBE,75.2,40.5
14,POL1HY,72.6,40.5
14,TRI2MA,78.1,42.9
14,SHORP1,80,42
15,HOPEME,88.5,41.4
15,SHORM2,85.8,42.7
15,VATIBE,85.8,45
15,MESUFE,85,45.7
15,MACATR,81.2,45.6
15,SHORM2,86.6,45.2
15,AAAAAA,0,0
15,KNEMMA,89.5,48.5
15,INTSPA,88.1,51.2
15,ARTOIS,86.6,49
15,PIMELO,90.8,49.2
15,DIOSBU,91.5,51.1
15,MANGQU,90.2,48
15,MONOMA,97,52
15,QUERAR,86.2,54.2
15,MANGQU,85.8,59.6
15,GARCMA,84.4,59.2
15,EUGEFL,87.1,58.7
15,TEIJCO,89.9,59.5
15,HOPEME,93.1,53.3
15,HORSPO,95.2,53.9
15,HORSPO,97.8,52.6
15,AGLASP,97.2,51.2
15,MYRIM1,99.1,54.5
15,XANTST,96.3,59.5
15,NEOSKI,94.8,57
15,RYPAKU,90.2,48
15,SANTAP,96.6,45.9
15,TEIJCO,99.4,41.8
15,LITHRA,97.8,44
15,SHORP1,97.2,44.2
15,VATIOD,97,44.6
15,ALPHEL,95.2,45.8
15,KNEMMA,90.3,48
15,SHORM2,93,44.4
15,TEIJCO,91.5,42.3
16,EUGESP,84.1,61.9
16,DIPTC1,85.1,61.6
16,MEMEO1,81,62
16,GYNOMA,0,0
16,GARCMA,0,0
16,PELLSA,80.5,60.5
16,XANTEU,90.4,70.2
16,MONOMA,95.6,60.2
16,SANTLA,93.3,60.2
16,PORTAN,90.3,64.5
16,XANTEU,84.8,69.7
16,MESUFE,80.9,71.3
16,DIPTC1,80.1,71.9
16,MESURA,81.3,73.5
16,MEL1FU,86.5,72.2
16,OCHAAM,85.1,71.7
16,KNEMST,87.8,78.9
16,SANTTO,87.9,79.4
16,DACRLA,87.7,76.7
16,SCA2MA,89,76.4
16,CYNOMA,89.9,75.6
16,ELAENI,91.8,68.4
16,DRYPKI,90.5,72
16,CASTSC,90.3,67.1
16,BACCSU,96.2,73.1
16,SHOROV,95.8,74.6
16,ARTOIS,94.6,76.5
16,PTEREC,92.7,76
16,ARCHBU,93.6,68.3
16,SHORAC,93.3,70.3
16,HERIEL,98.5,65.2
16,PAR2DE,100,61.7
16,MANGQU,98.8,60.9
16,HORSS2,97.9,60.8
16,ARTOIS,94.5,60
17,XANTEU,75.2,77.6
17,CALODI,60.3,60.3
17,CYATRA,69.5,60.7
17,BARRPE,69,65.5
17,NEOSKI,64.6,64.8
17,DACRLA,64.3,65.2
17,SHORAC,62.5,63.2
17,NEOUFO,61.8,67
17,MONOMA,63.3,68.9
17,DIOSMA,64.1,69.1
17,SINDWA,62.9,72
17,MILLAT,67.5,71.9
17,MESURA,60,72.3
17,PORTAN,60.2,75.3
17,AGLAGL,62.4,74.6
17,SHORM1,62.8,77
17,MILLAT,62.2,78.4
17,CANTDI,63.8,78.1
17,HOPEME,70.5,70.5
17,KNEMLA,70.6,70.2
17,ALANRI,70.2,77.1
17,PTYCCO,73.7,77.1
17,ELAERU,75.8,77.3
17,CANTDI,78.7,77.1
17,MANGG2,76.2,71.4
17,XANTEU,78.5,70.1
17,GANUSN,79,70.4
17,EUGEPU,71.8,68.2
17,NEPHCO,72.5,67
17,SHORM1,74.3,66.9
17,CYATRA,71.8,64.5
17,BACCRE,71.3,62.3
17,PORTAN,74.6,61.1
17,AAAAAA,0,0
17,DRYPLO,72.7,60.2
18,VATIBE,49.3,62.9
18,EUGEC1,51.9,63.8
18,MONOMA,0,0
18,XANTRU,45.9,63.6
18,MACALO,45,62.3
18,EUGEO1,45.8,64.9
18,SHORM2,46.2,66.2
18,BEILM2,46.9,65.6
18,DACRRO,48,64
18,MESURA,42.1,71.7
18,CANTDI,41.4,71.6
18,NEPHER,0,0
18,CANTDI,42.4,70.4
18,BARRPE,43.1,75.9
18,SHORL2,41.5,78.2
18,DIOSBU,54,72.2
18,POL1RU,51.8,73
18,MONOMA,54,71.4
18,GIROPA,48.4,71.7
18,ALPHMA,56.1,72.7
18,SHORM2,57.3,73
18,CANALT,56.4,71.4
18,ANTICO,57.8,73.4
18,GIRONE,53.2,77.8
18,GARCEU,48.3,77.5
18,CYATRA,47.7,77.4
18,ARTOLO,55.1,76.2
18,PAYELU,54,76
18,PAROVA,53.2,76.2
18,PIMEGR,58.2,79.4
18,PAROVA,58.5,68.4
18,HOPEME,58.2,68.1
18,DIOSAP,56.2,68.8
18,SHORL2,0,0
18,EUGEPU,59.5,62.2
19,VATIBE,26.2,61
19,POL1SC,0,0
19,MEL1AN,23.5,62.6
19,HOPEME,29.9,66.6
19,CHISTO,28.3,68
19,XANTEU,29.7,71.5
19,CROTAR,28,71.5
19,XANTEU,25,73.7
19,SHORP2,23.6,75.1
19,LITHEW,20.4,78.5
19,XERONO,25.6,78.7
19,EUGEP4,24.2,77.6
19,ARTOKE,26.2,75.4
19,CROTAR,26.9,79.1
19,XANTGR,30.8,78.4
19,CRY1GR,32.8,75.9
19,PTYCCO,33.1,75.4
19,DRYPLO,33.6,75.1
19,POL1JE,33.1,74
19,NEPHMA,35.2,76
19,DIPTC1,35.8,78.1
19,SHORM1,35,79.6
19,LITHEW,33.2,79.4
19,CANTDI,37.9,74.8
19,GANUSN,39.3,74.4
19,LITHEW,39.3,69.4
19,SHORBR,34.1,69.5
19,PORTAN,35,69.4
19,SHORAC,36.2,72
19,DIPTC1,37.4,66.2
19,XERONO,36.4,67.2
19,SHORM1,38.8,67.4
19,MESUFE,38.7,64.5
19,BUCHSE,36.1,61.4
19,NEOBHE,37,62.4
19,GIRONE,34.4,70.1
19,SHORP2,33.5,60.6
20,MANGQU,4.5,62.7
20,MACACO,1.2,64
20,EUGEC1,7.3,61.9
20,MESURA,10,63
20,POPOTC,9.8,64
20,EUGEC4,8.8,66.7
20,MANGQU,7.3,68.9
20,ANTICO,3.3,71.8
20,BACCRA,2.4,68.1
20,LANSDO,5.4,76.8
20,PORTAN,8.4,75.4
20,ARTOSC,8.6,77.3
20,SHORM2,10.1,71
20,BLUMTO,6.8,67.2
20,MACACO,6.1,69.2
20,DIPTKU,10.5,67.1
20,BUCHSE,10.7,76.2
20,DACRR1,13.4,78.3
20,HORSFL,15.5,77.3
20,EUGEC1,15.5,75.3
20,SHORP2,17.6,74.4
20,LANSDO,17.4,73.7
20,SINDWA,13.1,72.9
20,MESURA,13.5,73
20,AAAAAA,0,0
20,LITHCU,10.9,73.9
20,ONCOMO,12.8,63.9
20,NEOSKI,19.2,64
20,DACRCO,19.6,64.6
20,SANTLA,11.2,64.2
20,SCA1SP,18.8,65.2
20,KNEMKU,18.2,61
20,SCA2LI,19.2,60.9
20,NAUCOF,16.1,61.2
20,ALANRI,13.6,60.9
20,MESURA,13.2,61.5
20,MADHCU,14,62.4
21,KNEMSC,2.3,82.3
21,ACROPO,1.6,81.3
21,IXONIC,8.1,80.6
21,SHORL1,4.6,80.5
21,ARCHBU,5.1,82
21,CYNOMA,5,84.2
21,MEMEEX,0.6,83.5
21,ALANRI,7.9,85.1
21,DACRR1,7.9,86
21,HOPEME,8.8,82.8
21,HOPEME,8.8,84
21,SHORAC,7.2,90.7
21,IRVIMA,14.2,86.9
21,CROTAR,9.5,86.3
21,XANTGR,4.9,90.9
21,DACRR1,3.4,93
21,LITSFE,8.3,94.5
21,XYLOFE,10.2,96.8
21,PIMEGR,11.3,95.9
21,PYSOGR,13.2,91.4
21,CRY1GR,14,90
21,ARTOSC,6.1,97.6
21,EUGEGR,7,99.4
21,SINDVE,2.6,96.3
21,PAYELU,4,97.2
21,DACRRO,1.7,96.3
21,SANTLA,11.9,98.2
21,DRYPLO,17.3,97
21,GREWBL,16.4,94
21,XANTEU,18.9,96.4
21,BACCMI,16.7,86.5
21,CANTDI,19,83.5
21,EUGEGR,15.7,83.2
21,ARCHKU,17.6,81.3
21,MONOMA,19.2,89.7
21,ARCHCY,0,0
21,XANTRU,19.2,80.4
22,AAAAAA,0,0
22,APORPE,28.9,89.5
22,MEL1FU,26.2,81.3
22,PTEREC,28.4,85.4
22,KNEMSC,26,83.1
22,MANGQU,28.7,86
22,GIRONE,24.1,86.6
22,MONOMA,20.2,88.5
22,SHORBR,22.5,90.4
22,POL1HY,27.4,90.2
22,APORBR,23.7,91.8
22,MALLPE,27.3,92.2
22,MEMEAM,24.1,94.9
22,BUCHSE,26.2,96.3
22,BARRPE,25,98.3
22,POL1JE,25.9,99.6
22,MACALO,20.3,98.4
22,MESUFE,20.9,97.8
22,EUGEP3,31,95.2
22,KNEMSC,30.9,99.7
22,EUGES2,33.5,98
22,CALODI,32.4,94.5
22,APORBR,35.5,90
22,BEILM2,36.9,98
22,SHORM2,38.4,99.2
22,KNEMFU,32.4,80.6
22,XANTGR,37.2,87.2
22,BEILM2,32.4,85.9
22,ALPHMA,36.2,84.1
22,HOPEME,33.5,83.6
22,SHORP2,31.5,81.9
22,XYLOFS,35,80.4
23,GORDSI,41.1,81.3
23,MEL1AN,44.2,80.6
23,SHORM1,40.8,82.9
23,CROTLA,41.7,82.5
23,DIOSSU,43.8,83.2
23,EUGEP3,43.8,86.9
23,SHORL1,46.5,88.4
23,DIPTC1,47.1,91.9
23,MESUFE,45.5,92.2
23,EUGERI,40.3,91.9
23,KNEMMA,40.1,93.7
23,KNEMMA,42.3,95.4
23,DACRR1,40.8,95.8
23,SHORM1,43.8,96.1
23,DACRR1,45,99.4
23,CANTDI,40.9,99.7
23,PTEREC,49,97.3
23,BACCRE,49.3,95
23,MIC1CA,51.4,95.4
23,PEN1MO,53.6,99.3
23,MONOMA,52.8,99.7
23,AGLASP,54.6,97.8
23,MONOMA,53.5,99.8
23,PAYELU,56,95.4
23,RYPAKU,59.5,95.9
23,MEMEMI,59.9,99
23,ATUNPE,58.6,97.8
23,MEL1FU,59.4,88
23,CROTLA,54.5,89.5
23,SHORP1,56.1,91.7
23,PIMEGR,47.2,86
23,PARKJA,54.6,87.4
23,PIMEGR,50.7,89.8
23,LITHCU,51.5,86.9
23,INTSPA,52.3,86
23,CYNOMA,48.9,85.6
23,SANDKO,50.2,84.2
23,EUGEDU,50.7,82.9
23,PORTAN,52.2,81.2
23,KNEMSC,55.1,82.7
23,PAYELU,54.2,84.1
23,PORTAN,55.6,82.8
23,NEOSKI,59.3,82.7
23,PTERCO,59.3,83.8
23,PAYELU,55.6,86.2
23,KNEMSC,48.4,88
23,XANTRU,47.3,99.9
24,HOPEME,79.7,85
24,BARRPE,79.7,85.6
24,SHORM2,60.5,89
24,EUGEC1,63.5,87.9
24,EUGEGR,68.2,89.1
24,MONOMA,67,90
24,DACRR1,65.7,91.4
24,SHOROV,63.5,92
24,DACRR1,64.4,93.4
24,MESURA,64.1,94
24,HOPEME,66.7,95.7
24,EUGEC4,66.5,96.1
24,MADHL1,64.1,98.7
24,XANTEU,64.4,99.5
24,CROTLA,61.8,98
24,XYLOM1,70.2,87.2
24,SHORM1,70.5,89
24,DRYPLO,70.8,95.7
24,DIPTC1,78.5,97.5
24,KNEMMA,78.7,98.2
24,SHORM1,75.9,83.2
24,LITSFI,78.3,83
24,NAUCOF,73.8,81
24,SHORL2,69.6,83.1
24,TIMOWA,67.6,81.4
24,DIOSSI,72.4,99.6
25,CARABR,81.6,80.2
25,APORBR,82,81.6
25,CASTME,86.4,82.6
25,MEMEAM,85.2,83
25,APORAU,87.4,84
25,ALANRI,90.8,80.7
25,DACRR1,89.8,81.6
25,STERPA,91.6,84.9
25,EUGEC1,94.1,86.2
25,ELAEP3,93.5,85
25,ARTOKE,94,83.2
25,APORBR,96,83.5
25,DIPLMA,94.3,86.8
25,APORPR,92.1,89.2
25,CALOTE,88.4,90.3
25,CANTDI,84.2,89.8
25,POL1RU,82.6,89.8
25,EUGEC1,80.3,86
25,DIPTC1,85.3,88.2
25,DRYPLO,80.7,91.6
25,ELLATA,80.4,93.4
25,SHORM1,81.1,94.9
25,SHORM1,82.7,95.2
25,EUGEC1,83.4,96.1
25,DIPTC1,85,97.6
25,SHORP2,85.5,98.1
25,GIRONE,86.8,95.3
25,NEPHCO,90.4,97.5
25,DIPTC1,90.5,95.1
25,CANALR,93.1,95.1
25,DYERCO,93.5,95.4
25,INTSPA,91.4,93.7
25,EUGESP,91.8,93.7
25,SHORM1,92,93.3
25,SCA1SP,95.5,96.4
25,DIPTC1,97.6,94.5
25,ALANEB,97,94.2
25,DIOSBU,97.3,95.5
25,XERONO,99.8,93
25,ARCHBU,96.4,94.1
25,SCA2MA,97.7,98.9
25,BACCRA,96.8,90.7
25,CANTDI,96.8,87
25,MONOMA,98.4,86.7
25,QUERAR,99.6,82.3
25,ELAEFE,0,0
26,ELATTA,80,100
26,PORTAN,80.9,101.3
26,HOPEDR,83.6,104.4
26,DIPTC1,88.8,105.1
26,ARCHBU,89,106
26,MEMEMI,88.6,108.1
26,MEMEMI,88.3,109.5
26,MEZZLE,89.2,108.8
26,PTYCCO,89.4,108.7
26,SHORAC,83.7,111.6
26,DIPLMA,81.3,107.7
26,SANTTO,89.9,114.6
26,ONCOMO,90.4,112.5
26,GIRONE,81.7,118.6
26,LANSDO,85.1,119.5
26,ALANEB,84.5,118
26,PIMEGR,0,0
26,GREWLA,0,0
26,KOILLO,89.7,118.1
26,OCHAAM,91.1,118.5
26,XERONO,92.9,117.8
26,CHRYLA,97.4,119.4
26,ELAERU,98.4,119.9
26,BUCHSE,99.3,117.5
26,DRYPPE,98.9,116.9
26,DILLSU,99.3,115.4
26,ARTOFU,98.3,112.8
26,APORPR,95.7,111.9
26,MONOMA,94.4,111.8
26,DIPTC1,95.5,111.5
26,BACCPA,92.3,112.2
26,MEMEO2,92.4,110.2
26,RYPAKU,100,107.3
26,POL1GL,95.9,108.8
26,KOILLO,98.9,100.3
26,MONOMA,96.6,102.3
26,MEMEAM,98.2,101.2
26,SHORL2,93,101
26,APORAU,92.3,103.5
27,CROTLA,60.6,102.5
27,CALOTE,60.8,100.3
27,ALANRI,64.2,104.1
27,DACRR1,62.2,101.8
27,SHORM2,68.3,104.2
27,EUGEPU,69.1,108
27,BUCHSE,70.6,107.6
27,OCHAAM,79.2,109.4
27,SINDWA,66.4,107.5
27,BACCPY,67,107.3
27,DIOSRU,70.4,109
27,ACROPO,70.8,110.3
27,NEPHER,69,112.4
27,CALOTE,71.3,112.9
27,BACCRE,67.1,112.9
27,LEPISE,71.6,115.2
27,SYMPAD,72,114.5
27,XYLOM2,63.7,114.9
27,KIBAAR,63,113.8
27,SHORM2,61.2,109.2
27,NEOBHE,63.8,117.4
27,SHORM2,63.3,120
27,BUCHSE,60.5,119.2
27,LITHCU,66.7,119.9
27,SAR1GR,67.1,117.4
27,SCA2MA,68.1,117.2
27,APORNI,74,115.5
27,ALPHMA,73.9,119.5
27,DACRR1,0,0
27,MEMEMI,74.5,118.2
27,KNEMLA,72.1,118.4
27,XERONO,74.7,113.5
27,ANI1LA,78.8,110.3
27,KNEMPA,79.2,119.2
27,HOPEME,78.6,118
27,DACRR1,78.8,119.6
27,PTEREC,78.8,110.1
27,CALOWA,74.1,109.1
27,PORTAN,78.2,105.2
27,PIMEGR,75.5,101.7
27,SHORM1,76.6,102.8
27,HOPEME,76,103.5
27,PEN2ST,74.8,104.8
27,GIROPA,77,100.8
27,PEN1MO,72.2,100
28,MONOMA,42.8,103.9
28,MEMEMI,44.3,104.9
28,POL1JE,0,0
28,IXONIC,46.2,104.5
28,BOUEMA,45.4,104.7
28,INTSPA,49.8,103.8
28,CYNOMA,49.2,103.2
28,GANUSN,49.6,100.3
28,ARCHBU,50.8,101.1
28,XANTEU,47.4,110
28,XANTEU,49.9,108.2
28,XANTEU,40,100
28,APORAR,49.5,108.3
28,NEPHER,41.6,108.3
28,CROTLA,42.2,105.8
28,DACRR1,42.6,116.5
28,CASTME,40.4,118
28,SHORM2,44.3,115.9
28,LITHWA,44.7,113.1
28,CALOSO,47.6,113.1
28,PIMEGR,48.4,115.2
28,CALOWA,48.7,117.1
28,RYPAKU,48.4,111.4
28,SINDEC,48.6,115.2
28,DIPLMA,51.5,111
28,BACCPY,54.6,111.5
28,BUCHSE,53.8,117.3
28,MEMEMI,55.1,119.7
28,RYPAKU,56.5,113.7
28,ADENBI,59.4,116
28,PIMEGR,57,117.8
28,GARCPA,56.8,115.1
28,BEILP2,56.2,117.4
28,EUGESC,57.4,114.6
28,ALPHMA,56.4,117
28,SHORM1,59.5,112.7
28,HORSS2,54.6,109.5
28,KOOMMA,56.9,108.3
28,MESUFE,0,0
28,PHYLEM,55.6,106.6
28,ONCOMO,58.3,100.9
28,BEILDI,59.3,100.7
28,LEPISE,53.1,100.8
29,SCHOAC,26,101
29,ARTOLO,26.8,100.5
29,DACRR1,31.8,100.1
29,DACRR1,31.5,101.9
29,MALLPE,28.2,104.5
29,XANTGR,21,101.9
29,DYSOCA,21.1,102.7
29,SAR1GR,29,107.7
29,EUGECL,27.1,109.1
29,SHORM1,26.4,109.5
29,SHORM2,27.8,108.2
29,LANSDO,23.2,108.8
29,MALLPE,20.6,112
29,DRYPLO,30.3,109.8
29,MALLPE,32.2,108
29,CROTLA,0,0
29,MACALO,33.3,109.7
29,XANTEU,29.9,111.2
29,MALLPE,29.1,112.3
29,XANTRU,25.3,113.5
29,OCHAAM,21.6,112
29,MALLPE,23.6,116.4
29,MALLPE,21.8,116.8
29,CROTLA,21.8,118.4
29,SHORM1,39.6,108.5
29,SHORM1,22,119.8
29,MALLPE,23.4,118.5
29,MALLPE,28.8,117.6
29,LITHEW,29.3,118.2
29,DRYPLO,28.6,116.3
29,ARCHBU,29.5,116.3
29,XANTEU,35.1,115.3
29,SCHOAC,36.4,117.3
29,SHORM1,35.2,117.4
29,SHORP1,35.4,116.6
29,PALAH2,39.7,117.6
29,DRYPLO,40,119.3
29,HORSPO,38.1,114.1
29,EUGENA,38.6,113
29,EUGEC1,37,113.9
29,NEPHER,39,109.4
29,HOPEME,39.4,108.5
29,MACALO,32.7,114.5
29,DACRRO,33.2,116.8
29,LANSDO,38,105.8
30,DIOSAP,2.8,100.3
30,DURIGR,3.2,102.9
30,MONOMA,4.7,104.6
30,MACALO,8.7,102.6
30,MESUFE,9.3,103
30,CROTLA,6.5,106.6
30,MACALO,1.4,106
30,BACCRE,8.2,110.2
30,MEMEO2,8.4,110.7
30,BOUEMA,7.5,112.9
30,PRUNAR,0,0
30,KNEMMA,5.2,115
30,EUGEP3,2.9,114.5
30,OCHAAM,3.3,115
30,CRY1GR,5.8,118.4
30,MALLPE,13.7,117.2
30,DACRR1,14,108
30,DRYPLO,16.8,107
30,APORAR,17.6,108.1
30,MACALO,17.6,108.9
30,DIOSLA,16.3,113.1
30,SHORM1,17.4,112.8
30,BOUEOP,16.8,114.3
30,IRVIMA,14.5,105.8
30,MACALO,13.5,105.5
30,KNEMLA,14.2,106.4
30,EUGESU,15.6,112.5
30,DACRR1,19.7,102.8
30,GREWMI,11.3,118.6
31,ALANRI,4.2,125.7
31,MEMEPU,4.8,124.8
31,HOPEDR,5.1,125.2
31,GONOGR,8.1,122.3
31,SHORL2,7.8,123.3
31,NEOSKI,8,121.4
31,PORTAN,7.2,124.3
31,GIRONE,5.7,126.2
31,NEPHOP,8.8,129.2
31,SHORP2,9.2,128.9
31,SHORP1,10.4,130.1
31,MANGQU,13.8,129.8
31,KOOMMA,4.2,130.2
31,POL1JE,4.4,131.5
31,EUGEC1,5.7,131.1
31,SHORP1,6.4,131.4
31,CROTLA,8,131
31,IXONIC,3.6,132.8
31,NEOSKI,1.2,135
31,RYPAKU,1.4,137.3
31,CASTME,3.3,138
31,SHORP1,0.4,138.2
31,BEILDI,7.8,136.2
31,SHORP1,7.6,139.2
31,MEMEMI,11.5,138.2
31,GARCPA,12.8,137.5
31,KIBAMA,15.4,137.2
31,ARCHBU,11.9,133.9
31,HOPEME,12.5,133.3
31,CROTLA,0,0
31,MANGQU,13.2,131.2
31,CALOWA,14.4,134.9
31,XANTEU,13.4,129.1
31,CROTLA,11.7,123.4
31,SCA2MA,15.9,127.4
31,EUGEC1,18.4,128.4
31,SHORMA,18.5,129.2
31,DURIGR,17.7,121.5
31,HOPEME,18,122
31,TRI3MA,17.7,121.2
31,MALLPE,11,120.3
31,EUGESU,0,0
32,XANTEU,20,120
32,LEPISE,23.5,122.6
32,SHORM1,25.2,121
32,MALLPA,20.4,124.7
32,APORAR,25.9,126.3
32,POL1SC,29.9,129.8
32,LITHWA,31.8,130.6
32,MESUFE,31.8,130.3
32,PTYCCO,21.4,129.9
32,SHORM1,30,130
32,SHORM1,30.8,130.4
32,SHORM1,33.2,126.6
32,SHORP2,30.2,129.4
32,SHORM2,23.8,130.8
32,ARCHBU,26.1,132.7
32,SANTTO,29.5,131.5
32,BEILDI,29.8,133.1
32,SHORM1,26.2,133
32,XANTGR,28.2,132.8
32,SHORP2,32,133.5
32,HOPEME,35.3,133
32,KNEMSC,21.4,132.8
32,MACALO,21,134.7
32,EUGEGR,20.5,136.3
32,SAR1GR,21.4,138.2
32,CALOWA,0,0
32,MEMEO2,24,138.3
32,SHORP2,32,133.5
32,CALOWA,26.1,138.4
32,NEOBHE,28.6,139.6
32,KNEMMA,31,138.5
32,APORPR,39.5,139.4
32,AGLAFO,39.4,135.4
32,SHORM1,39.6,138
32,PTYCCO,34.1,131.7
32,SHORM1,0,0
32,ARCHBU,0,0
32,GANUSN,32.6,127.6
32,SHORAC,0,0
32,SHORAC,36.8,127.2
32,QUERAR,38,127.2
32,GREWMI,39.1,128.2
32,MEMEAM,37.8,124.2
32,ARCHBU,33.4,123.6
32,MACALO,35.8,123.4
32,QUERAR,33.6,125.6
32,XANTRU,34.3,122.3
32,SHORM1,32.6,120.8
32,ELATTA,39.2,121.4
32,EUGECL,39.1,123.2
32,MESURA,31.3,122.7
33,KNEMSC,43.5,120.3
33,HOPEME,41.2,120.4
33,MACALO,41.3,122.7
33,HOPEME,41.3,124.2
33,MILLAT,47.8,123.6
33,DACRR1,50,121.2
33,MILLAT,51.8,121
33,DACRR1,46,126.2
33,HOPEME,0,0
33,MEMEAM,46.7,127.3
33,CANTDI,45.3,127.6
33,SHORAC,43.5,128
33,CANAAP,47.7,128.5
33,ELATTA,44.8,130.5
33,MEMEAM,43,130.4
33,SANTLA,41.9,132
33,MESUFE,45,131
33,CROTLA,41.9,133.5
33,CANAPA,46.4,138.2
33,EUGEGR,47.8,136.8
33,EUGEC1,48,138.4
33,LITHCO,48,136.2
33,SHOROV,47,136.6
33,MILLAT,50,137.4
33,ANI1LA,54.7,137.6
33,CRY1CA,57.4,139.6
33,CALOWA,54.8,137.1
33,AIDICO,57.4,139.6
33,SHORP2,55.2,134.6
33,SHORM1,50.8,130.2
33,ARCHBU,51.3,135.9
33,MESURA,53,131.4
33,ARCHBU,52.5,128.8
33,SAR1GR,53.8,128.6
33,CANALL,52.6,123
33,ALANRI,54.3,128.6
33,BUCHSE,59.6,129.3
33,KNEMSC,56,125.5
33,ARTODA,58,122.3
33,PAYELU,40,139.6
34,ELATTA,62.5,122.8
34,DIOSSI,62.2,124.6
34,CALODE,62.2,123.8
34,SCHOAC,62,125.6
34,PTYCCO,60.6,127.1
34,SANTRU,64.6,125.1
34,DACRRO,69.2,123.3
34,LITSFE,66.4,130.1
34,ELAEFL,65.4,138.3
34,SINDEC,63.4,129.4
34,SANDKO,64.9,128.8
34,NEOSKI,66.4,138.5
34,RYPAKU,60.1,139.7
34,SANTTO,62.4,139.8
34,HORSFL,71.2,137.5
34,PERKSP,71.2,138.8
34,MESUFE,71.6,137.7
34,BACCRE,75.4,136.4
34,BACCPA,78.3,137.5
34,SHORP2,77.8,134.6
34,VATIBE,79.6,134.3
34,XERONO,79.5,133.2
34,DIPTC1,77.2,132.3
34,SHORM1,76,131.2
34,ANI1LA,74.3,132.6
34,VATIBE,71.4,130.8
34,GIROSU,72.8,129
34,EUGECL,0,0
34,ALANEB,73.4,128.8
34,KNEMSC,75.7,129.7
34,APORSY,78.6,129.7
34,PEN1MO,70.3,127.6
34,DRYPLO,70.6,127.8
34,LANSDO,70.6,126.5
34,MONOMA,71.4,125.9
34,XERONO,72.8,124.8
34,XANTST,73.1,124.4
34,HERISI,71.6,123.6
34,MADHL1,77.3,125
34,DIPTC1,78.4,122
34,POL1SU,77.8,121.8
35,AAAAAA,0,0
35,SCA1SP,81,120.4
35,XERONO,85.9,120
35,SANTLA,88.2,121.1
35,ARDICO,85.4,123.2
35,XANTST,87.7,123.6
35,SHORAC,89.6,123.3
35,TIMOWA,87.5,126.8
35,IXONIC,88.6,127.8
35,PTEREC,91.7,128.2
35,MONOMA,89.7,129.4
35,EUGEGR,82.6,128
35,BARRPE,83.7,127.4
35,EUGESU,81,129.8
35,BLUMTO,82.6,134.5
35,XERONO,82.5,137.6
35,XANTEU,82,139.6
35,CALODI,83.8,132.8
35,NEOBHE,84.4,130.2
35,XANTRU,88.2,131.8
35,BRACHO,88.8,134.8
35,LITHCU,88.4,136.7
35,CYATRA,90,133
35,CLE1SU,90.2,138.5
35,DIOSBU,89.7,139.6
35,DACRR1,84.4,136.5
35,SHORP2,85.3,137.4
35,LITHCU,92.1,135.8
35,CYNOMA,93.4,135.5
35,ARTOSC,91.1,135.6
35,SHORM1,93,137.5
35,DACRR1,93,138.6
35,PAROVA,97.5,134.1
35,HOMADI,97.8,131.7
35,ORMOVE,98.5,130.4
35,IXONIC,96.9,128
35,SAR1GR,93.7,130.1
35,SANDKO,93.2,130.5
35,CYNOMA,97.1,126.5
35,HORSS2,97.3,123.6
35,DIOSLA,99.3,123.7
35,SCA2MA,91.6,121.6
35,CALOTE,94.3,122
35,XERONO,93.7,123
36,MANGQU,87.9,140.5
36,XERONO,88.4,140.7
36,CYATRA,89.3,142.2
36,XANTEU,85.2,146.2
36,LANSDO,85.4,145.2
36,TERMSU,87.7,146.4
36,MEL1FU,88,145.1
36,HOPEDR,85.9,147.9
36,SANDKO,84.8,149.8
36,DACRLA,84.7,150.3
36,MONOMA,83,149
36,CANALR,80.2,150.6
36,GREWMI,80,152.5
36,GREWMI,80.1,156.1
36,SARADE,88.7,159.1
36,SARADE,84,158.6
36,SARADE,89.9,157.6
36,SARADE,89.9,158.3
36,SARADE,90.6,157.6
36,SARADE,92.7,157.6
36,SARADE,94.9,159
36,SARADE,94.4,156.4
36,SARADE,93.3,154
36,SARADE,93.4,152
36,SYMPFE,90.3,151.6
36,GYMNFO,96.3,154.4
36,SARADE,98.2,150.8
36,PAR1OB,98.9,158.5
36,SARADE,99.8,149.1
36,SARADE,98,148
36,SARADE,98.1,149.2
36,SARADE,97.9,147.7
36,SARADE,96.1,146.4
36,SARADE,96.3,146.1
36,SARADE,96.7,145.7
36,SARADE,96.7,145.3
36,SARADE,99.5,143.3
36,ARDIPA,80.4,143.8
37,DIOSA1,69.5,144
37,ELATTA,60.8,145.3
37,EUGESU,67.2,146.9
37,XANTST,67.6,145.2
37,NEOSKI,0,0
37,DURIGR,70.8,146.3
37,ACROPO,71.3,142
37,CROTER,71.1,142.4
37,EUGEGR,69,142.9
37,EUGEGR,69,148.8
37,HORSS2,70.5,150.7
37,ALANRI,67.1,150.9
37,ANI2CO,64.6,151.8
37,EUGENA,62.2,153.3
37,CANAME,62.8,154.4
37,SHORP1,65.6,153.3
37,RYPAKU,67.6,154.4
37,SHORM2,60.5,157.4
37,IXONIC,65.8,158.8
37,POMEPA,63.8,158.4
37,DRYPPO,62.2,158.2
37,KIBAAR,66.3,158.8
37,SAR1GR,69.8,154.6
37,PALAMA,69.4,155
37,OCHAAM,68.7,155.8
37,PORTAN,68,156.7
37,KNEMST,70.8,153.8
37,APORAR,69.9,157.7
37,SINDCO,73,151.8
37,BACCKU,60,140
37,BACCKU,73.8,148.2
37,SANTRU,76.4,146
37,MACAHO,75.6,150
37,MEL1FU,72.1,150
37,POL1SC,70.4,149.4
37,KIBAAR,76.9,150.8
37,PORTAN,0,0
37,DIOSA1,79.4,151.6
37,GREWBL,79.2,148.5
37,ARTODA,77.7,147.7
37,XANTEU,75.5,157.8
37,PEN1MO,73.9,154.4
37,FICUSA,80,140
37,XANTST,79.4,143.9
37,AAAAAA,0,0
37,BUCHAR,79.4,145
37,REINCI,80,143.1
38,XANTEU,53.5,140.2
38,BEILDI,59.8,144.6
38,SANTTO,40.5,140.4
38,CANALR,40.9,140.6
38,SANTTO,41.4,143.4
38,EUGECL,43.6,144.2
38,NEOBHE,40.8,141.6
38,PIMEGR,40.5,143
38,GREWBL,46.5,147.4
38,SHORM1,0,0
38,ARCHBU,43.9,147.3
38,KNEMLA,45.1,146.8
38,PORTAN,48.2,148.3
38,GREWMI,47.4,149.8
38,RYPAKU,49,151.9
38,SHORM2,52.2,150.1
38,XERONO,50.7,149.3
38,MESURA,50.6,148.8
38,ALPHMA,53.4,149.5
38,CANAPA,53.1,151.1
38,GYNOAX,53.1,153.1
38,LITSCO,42.6,149.8
38,GLUTM2,43.1,153.9
38,MONOMA,42.7,154
38,RYPAKU,42.1,154.8
38,EUGECH,40.5,154.6
38,KNEMFU,44.4,157.5
38,GANUSN,49.8,156.8
38,OCHAAM,49.6,155
38,DRYPLO,52.5,156.1
38,KNEMSC,55.4,153
38,ANI1LA,59.6,151.7
38,EUGEDU,56.4,150.9
38,PAYELU,57.2,148.8
38,GIROPA,59,148.3
38,ONCOMO,56.5,147.2
38,DACRR1,54.2,148.1
38,LANSDO,53.7,142.3
38,SANTAP,55.4,142.3
38,SHORL2,56.2,143.6
38,MILLAT,56.6,142.2
38,OCHAAM,57.4,145.4
39,HOPEME,23.9,140.3
39,CANALR,26.5,141.3
39,MILLAT,27.8,141.4
39,PAROVA,28,140.5
39,DIPLMA,30.4,149.4
39,DRYPKI,30.8,142.6
39,ARCHBU,32.8,142.3
39,SANTTO,32.9,145.3
39,KNEMMA,29.2,145.5
39,SCA2MA,28.4,148.2
39,SHORL1,28,149
39,DIALWA,30.3,149.5
39,XANTEU,31.4,149.4
39,SHORM2,29.7,151.7
39,DIPLMA,26.6,151.1
39,MESUFE,21.5,149.1
39,SHORM2,22.1,147
39,CROTAR,22.4,144.7
39,CROTAR,25,147.5
39,EUGEC1,22.2,151.2
39,SCHOAC,22.4,153.2
39,PORTAN,22.8,153.5
39,CROTAR,22.1,153.8
39,SHORM2,23.5,154.2
39,PIMEGR,20.8,154.6
39,CALOMA,23.4,153.3
39,SCA2MA,24.7,158.6
39,SANTLA,24.7,159.1
39,MONOMA,24.4,159.7
39,ARCHBU,32.8,153.2
39,EUGEP3,33.8,152.8
39,KNEMCO,33.2,151.7
39,RYPAKU,32.3,150.2
39,VATIBE,34.7,149.9
39,LITHRA,35.9,152.7
39,OCHAAM,38.2,150.5
39,SAR1GR,37.9,149.5
39,EUGERI,38.9,150.6
39,DRYPLO,38.6,147.3
39,CROTAR,39.6,148
39,CALODI,37.6,142.5
39,SHORP2,33.5,141.5
40,NEPHCO,4.5,142.3
40,KNEMHO,7.1,145.2
40,BACCRE,5.8,143.8
40,CASTME,5.5,142.8
40,MEL1FU,4.6,148.8
40,HOPEME,5.7,148.9
40,EUGEC1,0.4,148
40,SHORP1,1.3,145.3
40,BEILDI,1.1,150.6
40,RYPAKU,0.9,152.9
40,CALODI,8.3,152
40,MONOMA,5,152.2
40,XANTEU,7.8,152
40,GIRONE,3,155
40,ARTOLO,0.6,159.2
40,CANTDI,8.9,148.5
40,PARKSP,10.6,147.3
40,SHORM2,14.9,156.3
40,DIOSBU,16.1,159.1
40,EUGEC1,19.4,157.1
40,SHORM1,18.1,152
40,XANTGR,16.8,152.4
40,CARABR,15.8,152.3
40,IXONIC,6.9,148.8
40,ARCHBU,13.2,148.4
40,CROTAR,15.4,149.3
40,PAR1CO,19.3,145.3
40,BACCRA,16.7,143.9
40,ALANRI,15.5,141.9
40,MESURA,13.5,140.3
40,ALPHMA,11.1,144.3
41,BACCRA,0.7,163.9
41,PTYCCO,3,162.3
41,CANALR,8.5,160.7
41,EUGEGR,8.5,166.7
41,GREWMI,8.6,164.2
41,PTYCCO,7,167.8
41,XANTEU,8.1,170.6
41,NEOSKI,8,171.2
41,DIOSBU,7.7,170.9
41,XANTST,2,171.3
41,CRY1RU,5.2,171
41,MESUFE,0.7,171.5
41,EUGEFI,2.4,170
41,APORPE,2.3,175.4
41,DILLSU,0,0
41,XANTST,9,176.9
41,MONOMA,9,175.4
41,HOPEBR,6,177.6
41,PALAMA,10.9,177.6
41,DACRR1,11.1,177.4
41,ARDICO,12.2,179.5
41,IXONIC,14.8,176.9
41,DIPTKU,10.8,165.7
41,DACRRO,0,0
41,SHORM2,8.8,167.6
41,MONOMA,17.3,167.7
41,LITHSU,14.7,171
41,HOPEDR,14.4,168.4
41,ARTOLO,17.1,164.6
41,ANI1LA,19.2,165.2
41,XANTGR,13.9,162.2
42,GARCNI,21.4,161.4
42,SHORAC,27.2,163.2
42,SHORP2,28.8,161.1
42,KNEMPA,28.6,161.4
42,EUGEP3,29.2,161.2
42,XANTEU,30.7,161.2
42,HOPEME,28.4,163.8
42,XYLOFO,30.1,164.3
42,EUGEGR,24.2,167.5
42,KOOMMA,23.3,166.9
42,SHORP1,23,168
42,IXONIC,21,167.2
42,PTEREC,25.8,169.7
42,ALANRI,21,172.2
42,MYRIM1,21,176.1
42,GONYAF,22.1,173.5
42,SANTLA,22.2,178.1
42,OCHAAM,23.3,177.9
42,NEPHCO,28.7,173.7
42,SCA1SP,26,174.3
42,SINDVE,29.7,173.3
42,LICASP,29.7,175
42,CALODI,32.2,175.1
42,LINDOX,0,0
42,SANTLA,32.4,167.4
42,HERIEL,32.1,171.3
42,BHESPA,33.1,171.7
42,MEZZLE,35,171.2
42,PORTAN,34.9,173.9
42,EUGEP3,37.9,172.6
42,GREWMI,38.1,170
42,HOPEDR,38.8,169.5
42,XYLOFS,39.7,178.5
42,CHISER,39.2,168.3
42,CROTAR,39.4,166.4
42,DRYPLO,38.9,165.2
42,MILLAT,39.1,164.3
42,ACTIPR,39.7,161.6
42,CALODI,34.7,160.9
42,PALAMA,35.9,164.5
42,MEL1FU,0,0
42,MYRICI,36.6,164.5
43,DACRR2,40.4,170.8
43,DACRLA,41,160.2
43,CALODI,40.5,161.5
43,HOPEDR,43,160.7
43,XYLOFS,41.8,160
43,DIALWA,43,161.8
43,SHORM1,44.9,160.1
43,ELATTA,46.8,160.2
43,ALPHMA,47.8,160.1
43,SINDVE,51.8,160.6
43,OCHAAM,49.7,162.9
43,MEZZLE,51.9,163
43,ALPHMA,50.7,164.3
43,BEILP2,50.7,168.4
43,RYPAKU,45.3,168
43,DACRR1,46.4,165.6
43,POMEPA,43.7,168.4
43,LANSDO,42.5,169.9
43,OCHAAM,40.5,171.3
43,GONOGR,42.3,172.6
43,LANSDO,41.8,173.9
43,LEPISE,42.8,173.1
43,PTEREC,45.8,172.7
43,LITHSU,50.7,173.6
43,XANTEU,50.4,177.5
43,TRI1HY,44.5,177.8
43,SANTTO,42.6,178.7
43,DACRR1,44.1,179.7
43,DIPTC1,52.9,177
43,SHORP2,52.4,177
43,SHORAC,57.1,178.9
43,EUGECL,55.3,179.4
43,ARCHBU,57,177.8
43,SHORP1,57,175.5
43,XANTGR,54.4,174.2
43,MONOMA,53.8,172.5
43,DACRR1,54.4,172.2
43,SHORDA,56.5,171.1
43,CROTAR,56.4,170
43,PIMEGR,56.3,170.1
43,CALODI,56.7,168.5
43,SHORP2,55.1,167.2
43,BACCRE,59.1,171
43,KIBAAR,59.9,165
43,APORNI,57.3,160
43,CROTAR,59.5,162.7
43,PIMEGR,60,162.8
44,PALAH2,69.6,163.2
44,PAROVA,67,165.8
44,XERONO,70.1,163.1
44,KOILLO,71.9,164.1
44,POL1SU,71.3,163.2
44,ALANEB,70.4,163
44,SHORM1,66.2,169.7
44,PALAMA,68.3,170.1
44,ALANEB,72.1,167.9
44,CYATRA,69.9,170.3
44,XYLOFS,69.9,171.2
44,BACCMI,60,160
44,SANTTO,64.1,169.9
44,PORTAN,65,172
44,GARCAT,64,172.2
44,POL1HY,61.9,171.2
44,ARCHBU,64.6,178.1
44,DIOSLA,69.4,176.5
44,DRYPLO,72.6,172.3
44,DACRCO,72.1,178.2
44,SHORL1,75.1,178.7
44,SHORL1,72.7,178.5
44,XYLOM1,71.6,178.1
44,RYPAKU,79.7,178.3
44,CANTDI,79.8,175.7
44,GREWBL,75.9,172.9
44,MONOMA,70.9,173
44,DACRR1,73.3,173.5
44,NEOBHE,75.1,170.2
44,APORAU,74.4,170.4
44,ALANEB,74.1,169
44,KOOMMA,77.2,166.8
44,PAYELU,0,0
44,PEN1MO,78.8,169.4
44,BARRPE,74.5,163.6
44,SCA1SP,70.4,163.2
44,DIOSLA,79.9,165.2
44,XANTEU,63.7,179.8
45,XERONO,80.9,161.7
45,DACRR1,80.2,169.6
45,CYNOMA,85.4,168.3
45,XERONO,82.9,168.6
45,BUCHSE,82,164
45,ARTORI,82.9,171.2
45,SARADE,86.1,179.1
45,GIRONE,82.8,178.7
45,SARADE,87.3,177.2
45,SARADE,86.8,176
45,SARADE,89.3,179.6
45,SARADE,89.6,178.1
45,SARADE,87.5,171.7
45,DRYPPO,85.8,172
45,SARADE,88.4,170.2
45,SARADE,89.2,169.1
45,SARADE,89.8,166.2
45,SARADE,91.3,162.7
45,SARADE,92.2,171.5
45,SARADE,94.9,172.5
45,SARADE,94,174.6
45,SARADE,92.2,174.5
45,SARADE,92.8,175.9
45,SARADE,93.7,177.7
45,SARADE,95.9,177.1
45,SARADE,99.2,177.7
45,SARADE,95.6,178.4
45,SARADE,95.8,179.6
45,SARADE,99.7,172.7
45,KNEMMA,95.7,165.2
45,MEMEO2,99.2,162.5
46,BARRPE,81.7,190.3
46,BACCRA,82.4,189.5
46,RYPAKU,82.6,186.4
46,XYLOCA,83.4,185.1
46,DACRR2,81.6,192.1
46,ARTOSC,81.5,194.3
46,LEPISE,84.9,196
46,GIRONE,86.6,195.9
46,MYRIM2,87.6,194.6
46,LEPISE,88,194.4
46,LANSDO,84.2,199.2
46,HOPEME,80.8,197.9
46,EUGEFI,85.1,197.5
46,CANAP2,89.3,197.9
46,XERONO,93.1,199.7
46,SARADE,89.9,191.9
46,SARADE,86.8,186.7
46,SARADE,88.1,184.6
46,SARADE,87.8,184.7
46,SARADE,88.5,184.6
46,KNEMLA,89,185.2
46,SARADE,94.5,192
46,SARADE,95.2,191.3
46,SARADE,94.9,196.7
46,SARADE,95.5,198.2
46,SARADE,96.5,198.6
46,SARADE,98.8,199.3
46,SARADE,96.4,199.5
46,SARADE,99.6,197.4
46,SARADE,91.6,199.5
46,SARADE,89.4,199.6
46,SARADE,87.8,199.8
46,SARADE,91.9,180
46,SARADE,97,188.5
46,SARADE,95.2,188.4
46,SARADE,92.1,188.8
46,SARADE,90.3,185.7
46,SARADE,91.7,183.9
46,SARADE,99.5,185.9
46,SARADE,99.6,184.2
46,SARADE,99.9,183.7
46,SARADE,99.9,182.5
46,SARADE,99.6,181.2
46,SARADE,98.6,181
46,SARADE,99.7,180.6
46,SARADE,94.3,180.5
46,SARADE,93,180.4
46,SARADE,92.4,181.9
47,DIPTC1,0,0
47,BACCRA,65.7,181.4
47,XYLOM2,64.6,182.4
47,ALPHEL,63.8,184.6
47,EUGE10,62.7,186.4
47,DIPLMA,68.5,183.8
47,POL1SC,61.8,188.8
47,DIALPL,62.6,189
47,SHORAC,62.8,191.3
47,DIALPR,69.1,193.9
47,ELAENI,0,0
47,POPOTC,70.5,194.5
47,CALODI,70.6,195.9
47,SHORL1,69.2,196.3
47,CROTAR,70.9,196.8
47,ANI1LA,62.2,196
47,ADENBI,63.7,194.5
47,GREWFI,66.5,197.2
47,MILLAT,61.4,196.4
47,EUGEDE,62.7,196.4
47,EUGEDE,63.1,193.2
47,ANI1LA,66,197.4
47,XERONO,63.1,197.5
47,SHORM1,62,198.5
47,APORBR,61.3,199.8
47,OCHAAM,68,199.8
47,CANTDI,72.5,195
47,RYPAKU,74.3,192.6
47,SAPIBA,77,196.5
47,PARKSP,76.9,197.2
47,SHORL1,79.3,194.6
47,CALORU,79.1,195.5
47,MEL1TO,76.5,193.3
47,CALODI,79,192.5
47,CANALR,79.2,191.8
47,KOILLO,78.9,189
47,PTYCCO,77.4,188.2
47,IXONIC,79.2,184.5
47,PIMEGR,76.7,188
47,GARCS1,74.8,188.7
47,POPOTC,70.3,190.9
47,KNEMCU,68.6,189.6
47,ARTOSC,68.4,190.3
47,PIMEGR,69.5,191.1
47,POL1RU,71.1,188.3
47,LITHCU,76.6,180.6
47,CHISTO,74.1,180.9
47,CROTAR,73.8,182.8
47,SAR1GR,71.1,182.2
47,SANDKO,70.4,181.4
48,SHORM1,55.3,182.2
48,SCA2MA,41.7,181.2
48,POL1SU,45.4,180.9
48,BACCRE,43.7,184.5
48,DRYPLO,49.2,184
48,AAAAAA,0,0
48,CROTAR,49.4,185
48,RYPAAC,52.4,183.5
48,POL1SU,48.2,188.8
48,ALANEB,52.4,189
48,ALANRI,45.7,189.7
48,EUGESP,46.3,190.8
48,SANTLA,47.8,194.3
48,SHORP1,43.7,194.9
48,XERONO,43.6,195.1
48,SHORBR,50.3,195
48,TRIOMA,51.8,194.7
48,PIMEGR,50.5,193.5
48,CYNOMA,49.7,199.3
48,CROTAR,49.2,197.6
48,MESUFE,58.3,195.8
48,EUGES2,54.8,199.6
48,SHORM1,57.3,196.6
48,MANGFO,57.5,191.5
48,PIMEGR,55.8,190.2
48,CALODI,55.6,190.2
48,DACRCO,52.3,189.9
48,PEN1MO,0,0
48,LITHRA,58.1,184.4
48,CALOWA,58.3,183.4
48,APORBR,54.4,183.2
48,HOPEDR,53.7,185.2
48,MEMEO2,56.5,180.6
48,SHORM1,0,0
48,ALPHEL,56.7,181.3
48,ALPHEL,56.8,181.4
49,PTEREC,25.3,181.1
49,SHORM3,31.3,180.2
49,NEPHPA,34.1,180.3
49,ACTIPO,0,0
49,DACRR1,26.6,187.7
49,MONOMA,25.7,188.9
49,ALPHMA,23.9,191.4
49,CALODI,22.9,190.4
49,EUGESD,27.2,190
49,ALANRI,21.1,185.7
49,CRY1IN,20.8,186.6
49,MONOMA,32.1,194.7
49,PORTAN,31.9,191
49,VATIBE,32.5,196.7
49,CINNIN,32.7,192.2
49,SHORP1,34.6,191.7
49,TIMOWA,31,194.5
49,CALOWA,36,196.7
49,AIDICO,37.5,194.5
49,SHORP1,36.3,194.4
49,CROTAR,35.1,195
49,APORSY,38.1,191
49,SHORP1,39.1,196.1
49,NEPHMA,35,185
49,POL1HY,36.9,184.4
49,SHORP1,39,187.2
49,ACROPO,33.4,183.1
49,PEN1MO,34.6,183.7
49,INTSPA,35.9,180.6
49,MONOMA,35.6,182.6
50,ALANRI,5.5,190.1
50,GREWMI,4.8,190
50,EUGERI,5.8,189.6
50,SCA1SP,3,186.8
50,GARCBA,2.7,186.2
50,DACRRO,2.7,184.8
50,HOPEME,8.3,192.7
50,CALODI,5.4,191.2
50,CROTLA,5.8,192.4
50,VATIBE,4.8,190.8
50,EUGERI,3.2,192.5
50,GREWBL,1.7,191.1
50,POL1HY,2.2,194.4
50,XYLOFS,10.2,197.9
50,EUGEFI,12.8,193.9
50,SHORM1,13.4,191
50,DURIGR,15.8,189.2
50,NEPHMA,17.1,187.4
50,ANI1LA,17.8,182.6
50,OCHAAM,19.5,184.7
50,SHORL1,12.6,186.7
50,MESURA,18.6,198
50,CANAPA,13.8,188
50,SAR1GR,16.4,190.2
50,SHORM2,16.9,192
50,MESURA,19.2,191.3
50,DURIGR,17.7,197.6
50,OCHAAM,16.6,198.1
50,KNEMSC,19.9,197.1
50,BACCHO,16.4,186.1
