SP,XCO,YCO
SHORP2,1.8,5
MESURA,3.3,5
CANAPA,6,1.8
PAYELU,7.9,4.7
GIROPA,7.6,6.9
MACALO,9.5,6.8
DACRR1,9.7,10.9
MACALO,0,0
KOOMMA,10.7,11.6
NAUCOF,10.5,11.8
SHORL1,3.9,10.8
APORPR,4,12.7
GREWMI,1.6,13.7
MACALO,3.6,10.6
EUGEPE,2.3,11.3
RYPAKU,2.4,18.2
EUGEDE,8.3,15.9
AAAAAA,0,0
IXONIC,9.2,17.8
APORPE,6.7,17.6
APORPE,0,0
GANUSN,17.9,12.4
XYLOM1,18,14.2
ARTOIS,19.5,12.2
APORCO,19.1,12
SHORM1,18.2,12.8
ALANRI,19,11.2
PORTAN,19.1,10.6
SHORP2,18.6,19
DIPTC1,19.7,10.6
MACALO,20,10.5
LITHCU,17.5,4
BUCHSE,15.4,6.1
EUGEFL,14.3,6.4
XERONO,14.5,7.5
APORBR,16,8
CROTLA,15.6,6.4
PTYCCO,15.6,1.1
DIPTC1,15.7,0.7
DIOSNU,16.2,0.5
KNEMMA,14.6,0
KOOMMA,10.4,0.2
ARCHDI,8.5,1.2
XYLOM2,8.8,1.4
MANGQU,31.1,2.5
OCHAAM,22.8,1.3
AAAAAA,0,0
EUGECL,27.8,3.8
SHORM1,32.3,2.8
SANTAP,31,1.2
HORSCR,28.5,1
CALODI,32.5,4.3
DACRR1,33.5,0.4
CLE1SU,33.7,2
IXONIC,28.4,7.7
DACRR1,29.7,8.9
DACRR1,22.5,6.6
DACRR1,23.1,6.7
APORBR,24.1,7.1
SHORP1,23.5,7
ARTOIS,21.1,8.6
NEPHOP,21.4,6.2
AAAAAA,0,0
NEOSKI,29.3,16.5
POL1HY,30.8,15.3
HERISI,32.1,17.4
CHISTO,34,19.5
DIPTC1,33.2,19
DIPTC1,36.8,19.3
MACALO,39.4,17.2
CALODI,39.6,15
EUGERI,37.8,12.8
GARCRO,37.1,13.5
POMEPA,37.4,8.1
PIMEGR,38.2,9.6
DACRR1,36,7.3
ANI2CO,37.1,10.2
SANTLA,35.3,9.8
ACROPO,36.1,4.7
GLUTEL,39.9,2.7
DACRRO,39.5,1.7
CRY1GR,42.3,2.2
CLE1SU,45,2.7
ADENBI,46.9,6.1
APORPR,0,0
CYNOMA,42.5,4.2
DIPLMA,41.4,7
EUGETU,46.2,7.2
MACALO,42.4,12.8
MANGQU,43.2,12.9
CLE1SU,0,0
DIALPL,44.7,11.4
GANUSN,40.4,13.4
CALODI,42,14.8
DACRR1,42.8,17.2
SHORP1,44.4,18.3
EUGEC1,45,16.9
CLE1SU,48,15
MYRICI,49.5,15.8
GARCNE,47.3,15.8
IXONIC,48.9,13.7
EUGEIN,52.3,11.4
OCHAAM,48.7,11.8
BUCHSE,49,12
GREWMI,48,12
SAR1GR,55.6,16.1
RYPAKU,56.2,17
PAYELU,56.6,16.5
CLE1SU,58,12.2
PORTAN,58.8,11.4
CARABR,58.4,7.9
NEOBHE,56.7,4.5
BEILL1,55.2,2.2
MACALO,55,0.6
DIPTC1,63.4,0.4
POMEPA,61,3.5
SCA1SP,69.5,1.8
ALPHEL,61.8,3.3
GIRONE,60.9,4.8
OCHAAM,63.6,6.1
CLE1SU,65.5,4.9
GIRONE,67.5,4.9
SHORP2,70.5,6
GREWMI,71.6,6.5
SHORM1,73.8,6.1
SHOROV,74.2,3.5
KNEMSC,68.2,6.5
APORPR,69.4,7.2
DACRRI,71,7.6
LITHEW,71.5,7
CASTME,68.4,9.1
ALPHMA,71.2,11
XANTEU,71.1,14.3
ALPHMA,67.7,15.7
SHORL1,68.7,18.9
SHORAC,69.1,17.1
ARCHDU,67.8,16.1
MACALO,67.9,16.5
DIOSRU,66.5,15.2
PORTAN,65,16.8
MACALO,63.4,19
DIOSS1,61.1,17.2
DIPLMA,62,15.7
RYPAKU,76.7,13.1
XANTEU,78.8,14.1
PIMEGR,79,13.3
DIPTC1,79.5,12.4
SHORAC,78.5,10.2
ARCHBU,72.9,7.9
LITHEW,79.3,7
CLE1SU,77.9,4.6
KNEMLA,80,3.6
ARCHBU,79,1.4
ALANEB,79.2,1
SHORP1,76,0.4
QUERAR,85.1,5.4
DIPTC1,86.6,5.5
RYPAKU,89.7,5.8
CLE1SU,85.9,8.9
IXONIC,84,7.3
DIOSAP,81,5.4
VATIBE,85.6,13.7
MACALO,82.7,14.7
MANGG1,85,16.3
MACALO,82,19.8
MACALO,86.7,16.8
DACRR2,92.2,17.2
OCHAAM,95.6,17.4
MACALO,95,18.2
ALANEB,95.4,17.2
OCHAAM,92,0.4
SCOLSP,96.5,15.2
KOILLO,94.2,11.7
HORSPS,0,0
DACRR2,98.1,16.3
QUERAR,98,17.1
SHORP2,99.1,19.4
DILLSU,90,19
SCA1SP,98.4,7.7
ATUNEX,96.7,3.3
SHORP2,97.4,2.1
ELATTA,96.1,2.3
PARKSP,99.2,3.5
RYPAAC,93.7,4.3
POL1JE,93.2,2.3
MONOMA,0,0
DIOSSU,92.5,1.2
DIOSBU,91.2,0.5
KOOMMA,80.5,21
DIOSLA,81.6,20.6
GONYMA,84.7,22.3
SHORM2,86.6,24.5
SHORP2,85.8,25.5
ANTICO,81.1,27.4
CRY1GR,80.3,26.9
MACALO,83.2,29.4
MYRIM1,82.4,30.2
XANTRU,80.8,28.2
MACAHY,81.8,30.5
CROTLA,81.6,28
MACALO,86.7,29.3
BHESPA,89.1,29.5
MACACO,81.2,22.2
KNEMFU,86.7,30.2
NEOSKI,88.4,32.1
MACAHY,89.3,31
MEL1FU,89.2,32.7
AIDICO,89.8,34.2
MESUFE,86.8,32.4
SCA2LI,86.4,33
DACRR1,0,0
EUGECL,86.9,33.8
XANTRU,82.9,34.9
XANTEU,82.4,35.7
PAROVA,85.3,38.4
GARCPA,0,0
PAR1OB,85.1,39.4
ARDICO,86,39
DIPTC1,86,39.2
DIPLMA,89.3,37.7
SCA1SP,89.5,36.5
NEOBHE,93,36.6
KNEMSC,81.6,38.5
NEOBHE,81.7,39
CANALL,81.2,39.7
MEL1FU,92.4,35
MEMEO2,93.2,39.8
CYATRA,96.9,37.7
XYLOM2,98.6,36.9
DYERCO,97.8,34.7
EUGESA,98.1,34.2
POL1SU,98.3,31.5
BEILDI,97.4,31.2
SANTLA,93.6,29.9
ARTOIS,94,28.5
MACALO,94.8,26
ARCHBU,97.1,26.6
SANTLA,98.9,23.6
GARCMA,99,22.1
DIPTC1,99.5,26.4
DRYPKI,99.7,21
SANTLA,98.2,20.3
GARCPA,99.6,20.4
MESURA,94.5,20.7
POL1SU,93.4,22.8
EUGERI,93.5,25.4
XERONO,91.3,21.9
MACALO,89.4,23.7
BOUEOP,62.9,22.2
SANDKO,63.7,22
IXONIC,64.4,23.5
XANTEU,71,25.2
GONYMA,0,0
SHORM2,62.6,27
DACRRO,62.2,25.4
SHORP1,64.6,26
CROTLA,64.7,30.9
IXONIC,64.1,33.5
XERONO,66.2,33.9
ALPHEL,71.1,34.1
DIALWA,70.5,35.3
BACCRE,66.4,38.1
ARTOIS,68.3,38.9
KNEMLA,72.5,38.5
AIDICO,69.1,39.2
DACRLA,70.8,34.6
EUGEPR,74,32.8
BACCRE,74.8,35.2
PTYCCO,77,38.9
LANSDO,77.6,36.2
DURIGR,77.4,32.1
LEPISE,78.3,30.7
EUGEKO,74.6,26.7
EUGETU,71.8,27.4
TRI3MA,72,28.6
SHORL1,72,27
DACRR1,77.9,24.6
PALAH2,78.3,22.1
NEPHCO,78,21
SANTLA,79.5,20.4
SHORL1,76.5,20.8
MILLAT,74.5,20.3
SHORP1,47.1,23.6
PORTAN,0,0
SANTLA,48.5,22
DIOSAP,44.6,26.3
XANTEU,47.4,27.3
ALPHEL,48.2,30.2
DACRR1,44.6,29
IXONIC,50,30.3
NAUCOF,40.9,36.9
EUGECL,40.6,32.1
STERPA,41.4,35.4
PIMEGR,40.8,34.8
EUGERI,40.5,30.8
MONOMA,44.5,36.9
IXONIC,41.6,39
VATIBE,45.4,37
SHORM2,46,38.2
CROTLA,47.2,38.5
SHORL2,49,38.9
SHORL1,48.8,38.5
NEPHER,51,38
EUGEDE,52,34.4
CHISER,52.7,34.3
HOPEME,54.1,35.2
XANTEU,55.9,32
MEMEO2,57.9,33.6
MESURA,59.9,36.4
GIROPA,55.2,39.1
APORPR,0,0
KOOMMA,56.7,36.4
SHORL1,54.5,22.5
SHORL1,55.7,22.5
SHORL1,55.4,36.6
CALODI,57,26.7
SHORP1,56.2,28.4
DURIGR,56.5,30
ELAERU,50.3,26
CALODI,58.3,22
HERISI,51,21.5
APORAR,49.5,21
EUGEDE,26.4,20.2
PAYEMA,20.1,20
PAYELU,31.3,20.8
SHORL1,26,24.7
PAYEMA,27.7,24.2
HOPEME,0,0
CYNOMA,25.5,27.9
SYMPC2,20.4,28.7
KOKOOC,23.2,26.6
RYPAKU,21.5,32.9
CROTLA,21.8,31
ATUNEX,24,34.7
LEPISE,24.3,36.9
SHORAC,22,38.4
LITSM2,28.2,39.2
EUGEDE,29.5,34.6
LITHWA,30.7,34.1
MANGQU,35.8,38.7
ELAENI,36.8,33.4
BUCHSE,37.3,33.7
CRY1GR,39,35
ELAEFE,36.5,31
SANTLA,36,30.5
GONYMA,34.9,29.9
IXONIC,38.7,30
APORNE,36.8,23.8
DACRCO,38.5,25.6
PTYCCO,40,21.3
DILLSU,0.7,21.9
CALOTE,8.7,23.2
EUGEC1,7,24.7
LITHCU,3.5,29
HORSPO,3.8,31.1
NEOSKI,1.8,35.1
HORSPS,1,32.4
HUNTZE,0.5,35
XANTAF,0.7,35.7
APORPE,0.6,38.8
CANAPA,0.7,39.3
TRI2MA,2.9,39.8
SANTLA,9.8,37.3
QUERAR,10.3,39.6
AGLAE1,8.5,39.1
DACRRO,8.3,35
DACRR1,12.7,33.1
CROTLA,15.5,35.7
MESUGR,19.5,33.6
EUGEDE,16.2,30.4
GANUSN,19.8,38.7
SANTLA,19.5,38.5
ARTORI,13.1,28.8
KNEMMA,12.3,28.8
DIOSBU,12.4,27.9
EUGEFI,12.3,28
POMEPA,14.1,26
INTSPA,15,27.4
GREWAN,19.1,25.6
MESUGR,16.3,21.5
DIOSAP,16.1,23.6
SHORAC,14.6,21.5
EUGERI,18.1,21.2
KNEMSC,14,21.4
DRYPLO,11.8,20.9
MACALO,7.1,40.3
MACALO,10.6,40.5
SCA1SP,9.4,44.4
BOUEMA,10.5,46
PSYD10,10.8,47.3
EUGENA,11.5,48.5
NEOSKI,13.4,47.8
DACRR1,9.1,47.1
CALOTE,5.2,47.1
CINNIN,1.2,46.7
PTEIEC,2.5,46.2
POL1JE,10.8,48.3
DRYPLO,0.4,45
ARTORI,3,43.8
DIOSAP,0,0
PORTAN,0.5,42.2
IXONIC,3.7,40.4
EUGEPU,3.8,44.4
BEILDI,9.4,57.4
DIALPA,5.1,57.3
EUGEFI,3.3,55.3
SHORP1,1.2,56.2
PAYELU,6.5,56.2
APORAU,5.4,53.4
HERISI,1.3,57.8
XYLOFE,2.5,59.7
MALLPE,12.2,57.8
HORSS2,2.4,57.8
MANGQU,12.8,56
LITSNI,0,0
EUGEPR,13.6,55.4
BOUEMA,14.4,54
XYLOM2,15.1,53.3
CANALR,15.4,57.5
APORBR,17.8,59.2
MADHL1,19,55.3
BEILDI,18,52.9
BEILDI,18,50.9
ARCHCL,15.5,51
PEN1MO,16.5,48.7
XANTAF,16.3,49
KIBAAR,19.5,46.4
KNEMHO,20,45.1
XYLOM2,18.5,43.1
PIMEGR,14.4,41.3
SCA1SP,0,0
RYPAAC,23.6,42
CANALT,24.8,42.3
SHORM2,27.4,42.4
ATUNEX,25.7,44.4
LEPISE,28.2,46.2
DACRR1,27.9,48
EUGEPR,28.5,48.8
ANI1LA,23.4,46.2
ALANRI,21.6,46.1
ANI1LA,25.3,51.9
LEPISE,0,0
LANSDO,23.7,55.2
TRIOMA,25.8,55.2
PYREAC,23.5,57
CALODI,24.5,57.5
SHORP2,24.2,58
APORBR,28.3,56.2
EUGESU,28.4,57.4
GREWMI,31.2,57.4
IXONIC,31.9,56.5
ANI1LA,33,55.6
MESUGR,36,56.7
KNEMLA,37.6,58.7
BACCPY,38.7,56.7
SANDKO,34.3,49.2
DACRR1,36.2,57
SCA1SP,35.2,48.2
MEL1AU,35.2,47
MACALO,35.5,46.4
CROTLA,36.6,47.2
BEILKU,34.7,45.9
RYPAAC,32,46.7
ALANRI,31.6,49.8
CANALR,30.9,43.5
EUGEO1,30.8,40.4
DIOSBU,20.4,44.2
AAAAAA,0,0
MILLAT,0,0
SHORM1,38.1,41.1
DACRR1,42.4,42.7
DIOSBU,44.4,40.1
CANTDI,46.7,41.5
LITHCU,47.7,43.4
XANTAM,47.7,45.1
DIPTC1,48.4,45.1
MACALO,52.7,44.2
MACALO,53.1,45.7
POL1OB,54.3,44.5
SYMPC2,47.7,48.3
BUCHSE,50.1,48.6
KOILLO,49.3,51.3
PTYCCO,52.3,51.7
CROTLA,0,0
XANTEU,46.4,54.9
ARCHBU,44.5,54.2
CROTLA,42.4,53.2
AIDIWA,42,51.5
TRI3LA,41.3,55.1
SANTAP,42,59.4
TRI3LA,40.2,59
PTYCCO,45.4,59.7
SHORAC,44.8,58.3
MESUFE,57.3,57.3
SHORL1,54.1,56.3
DACRR1,53.8,58.4
POMEPA,58,40.3
LEPISE,58.3,46.3
DIOSAP,57.3,41.7
KOOMMA,56.8,41.8
DIPLMA,60.4,50.4
MACALO,78.3,49.7
QUERAR,64.9,43.1
CALOMA,0,0
LITHCU,61.7,53
AAAAAA,62.4,48.3
SAPIBA,62.6,50.2
EUGERI,63,53.1
DIPTC1,65.8,52.5
VATIBE,66.7,52.1
DIOSSI,67.7,51.1
PAR1OB,64.5,54.5
GIRONE,66.1,55.1
ARCHBU,69.9,50.1
SANDKO,72.7,48.2
LITHCU,69.2,48
GYNOAX,66.5,47.5
BEILDI,67.2,50
MYRIM3,66,59.5
GLUTM2,73.4,52.3
RYPAKU,72.6,50.5
PIMEGR,72.5,52
SHORM2,71.4,52.2
ORMOPE,75.5,48.4
NEOBHE,0,0
CANAPA,71.6,54.9
NAUCOF,75.9,47.3
DIPLMA,77.6,55.3
PAROVA,78.8,57.8
QUERAR,79.5,53
SHORM2,79,47.4
KNEMSC,79.1,45.2
MANGQU,76.7,44.2
PORTAN,75.8,44.5
NOTHUM,72.5,45
STYRBE,75.2,40.5
POL1HY,72.6,40.5
TRI2MA,78.1,42.9
SHORP1,80,42
HOPEME,88.5,41.4
SHORM2,85.8,42.7
VATIBE,85.8,45
MESUFE,85,45.7
MACATR,81.2,45.6
SHORM2,86.6,45.2
AAAAAA,0,0
KNEMMA,89.5,48.5
INTSPA,88.1,51.2
ARTOIS,86.6,49
PIMELO,90.8,49.2
DIOSBU,91.5,51.1
MANGQU,90.2,48
MONOMA,97,52
QUERAR,86.2,54.2
MANGQU,85.8,59.6
GARCMA,84.4,59.2
EUGEFL,87.1,58.7
TEIJCO,89.9,59.5
HOPEME,93.1,53.3
HORSPO,95.2,53.9
HORSPO,97.8,52.6
AGLASP,97.2,51.2
MYRIM1,99.1,54.5
XANTST,96.3,59.5
NEOSKI,94.8,57
RYPAKU,90.2,48
SANTAP,96.6,45.9
TEIJCO,99.4,41.8
LITHRA,97.8,44
SHORP1,97.2,44.2
VATIOD,97,44.6
ALPHEL,95.2,45.8
KNEMMA,90.3,48
SHORM2,93,44.4
TEIJCO,91.5,42.3
EUGESP,84.1,61.9
DIPTC1,85.1,61.6
MEMEO1,81,62
GYNOMA,0,0
GARCMA,0,0
PELLSA,80.5,60.5
XANTEU,90.4,70.2
MONOMA,95.6,60.2
SANTLA,93.3,60.2
PORTAN,90.3,64.5
XANTEU,84.8,69.7
MESUFE,80.9,71.3
DIPTC1,80.1,71.9
MESURA,81.3,73.5
MEL1FU,86.5,72.2
OCHAAM,85.1,71.7
KNEMST,87.8,78.9
SANTTO,87.9,79.4
DACRLA,87.7,76.7
SCA2MA,89,76.4
CYNOMA,89.9,75.6
ELAENI,91.8,68.4
DRYPKI,90.5,72
CASTSC,90.3,67.1
BACCSU,96.2,73.1
SHOROV,95.8,74.6
ARTOIS,94.6,76.5
PTEREC,92.7,76
ARCHBU,93.6,68.3
SHORAC,93.3,70.3
HERIEL,98.5,65.2
PAR2DE,100,61.7
MANGQU,98.8,60.9
HORSS2,97.9,60.8
ARTOIS,94.5,60
XANTEU,75.2,77.6
CALODI,60.3,60.3
CYATRA,69.5,60.7
BARRPE,69,65.5
NEOSKI,64.6,64.8
DACRLA,64.3,65.2
SHORAC,62.5,63.2
NEOUFO,61.8,67
MONOMA,63.3,68.9
DIOSMA,64.1,69.1
SINDWA,62.9,72
MILLAT,67.5,71.9
MESURA,60,72.3
PORTAN,60.2,75.3
AGLAGL,62.4,74.6
SHORM1,62.8,77
MILLAT,62.2,78.4
CANTDI,63.8,78.1
HOPEME,70.5,70.5
KNEMLA,70.6,70.2
ALANRI,70.2,77.1
PTYCCO,73.7,77.1
ELAERU,75.8,77.3
CANTDI,78.7,77.1
MANGG2,76.2,71.4
XANTEU,78.5,70.1
GANUSN,79,70.4
EUGEPU,71.8,68.2
NEPHCO,72.5,67
SHORM1,74.3,66.9
CYATRA,71.8,64.5
BACCRE,71.3,62.3
PORTAN,74.6,61.1
AAAAAA,0,0
DRYPLO,72.7,60.2
VATIBE,49.3,62.9
EUGEC1,51.9,63.8
MONOMA,0,0
XANTRU,45.9,63.6
MACALO,45,62.3
EUGEO1,45.8,64.9
SHORM2,46.2,66.2
BEILM2,46.9,65.6
DACRRO,48,64
MESURA,42.1,71.7
CANTDI,41.4,71.6
NEPHER,0,0
CANTDI,42.4,70.4
BARRPE,43.1,75.9
SHORL2,41.5,78.2
DIOSBU,54,72.2
POL1RU,51.8,73
MONOMA,54,71.4
GIROPA,48.4,71.7
ALPHMA,56.1,72.7
SHORM2,57.3,73
CANALT,56.4,71.4
ANTICO,57.8,73.4
GIRONE,53.2,77.8
GARCEU,48.3,77.5
CYATRA,47.7,77.4
ARTOLO,55.1,76.2
PAYELU,54,76
PAROVA,53.2,76.2
PIMEGR,58.2,79.4
PAROVA,58.5,68.4
HOPEME,58.2,68.1
DIOSAP,56.2,68.8
SHORL2,0,0
EUGEPU,59.5,62.2
VATIBE,26.2,61
POL1SC,0,0
MEL1AN,23.5,62.6
HOPEME,29.9,66.6
CHISTO,28.3,68
XANTEU,29.7,71.5
CROTAR,28,71.5
XANTEU,25,73.7
SHORP2,23.6,75.1
LITHEW,20.4,78.5
XERONO,25.6,78.7
EUGEP4,24.2,77.6
ARTOKE,26.2,75.4
CROTAR,26.9,79.1
XANTGR,30.8,78.4
CRY1GR,32.8,75.9
PTYCCO,33.1,75.4
DRYPLO,33.6,75.1
POL1JE,33.1,74
NEPHMA,35.2,76
DIPTC1,35.8,78.1
SHORM1,35,79.6
LITHEW,33.2,79.4
CANTDI,37.9,74.8
GANUSN,39.3,74.4
LITHEW,39.3,69.4
SHORBR,34.1,69.5
PORTAN,35,69.4
SHORAC,36.2,72
DIPTC1,37.4,66.2
XERONO,36.4,67.2
SHORM1,38.8,67.4
MESUFE,38.7,64.5
BUCHSE,36.1,61.4
NEOBHE,37,62.4
GIRONE,34.4,70.1
SHORP2,33.5,60.6
MANGQU,4.5,62.7
MACACO,1.2,64
EUGEC1,7.3,61.9
MESURA,10,63
POPOTC,9.8,64
EUGEC4,8.8,66.7
MANGQU,7.3,68.9
ANTICO,3.3,71.8
BACCRA,2.4,68.1
LANSDO,5.4,76.8
PORTAN,8.4,75.4
ARTOSC,8.6,77.3
SHORM2,10.1,71
BLUMTO,6.8,67.2
MACACO,6.1,69.2
DIPTKU,10.5,67.1
BUCHSE,10.7,76.2
DACRR1,13.4,78.3
HORSFL,15.5,77.3
EUGEC1,15.5,75.3
SHORP2,17.6,74.4
LANSDO,17.4,73.7
SINDWA,13.1,72.9
MESURA,13.5,73
AAAAAA,0,0
LITHCU,10.9,73.9
ONCOMO,12.8,63.9
NEOSKI,19.2,64
DACRCO,19.6,64.6
SANTLA,11.2,64.2
SCA1SP,18.8,65.2
KNEMKU,18.2,61
SCA2LI,19.2,60.9
NAUCOF,16.1,61.2
ALANRI,13.6,60.9
MESURA,13.2,61.5
MADHCU,14,62.4
KNEMSC,2.3,82.3
ACROPO,1.6,81.3
IXONIC,8.1,80.6
SHORL1,4.6,80.5
ARCHBU,5.1,82
CYNOMA,5,84.2
MEMEEX,0.6,83.5
ALANRI,7.9,85.1
DACRR1,7.9,86
HOPEME,8.8,82.8
HOPEME,8.8,84
SHORAC,7.2,90.7
IRVIMA,14.2,86.9
CROTAR,9.5,86.3
XANTGR,4.9,90.9
DACRR1,3.4,93
LITSFE,8.3,94.5
XYLOFE,10.2,96.8
PIMEGR,11.3,95.9
PYSOGR,13.2,91.4
CRY1GR,14,90
ARTOSC,6.1,97.6
EUGEGR,7,99.4
SINDVE,2.6,96.3
PAYELU,4,97.2
DACRRO,1.7,96.3
SANTLA,11.9,98.2
DRYPLO,17.3,97
GREWBL,16.4,94
XANTEU,18.9,96.4
BACCMI,16.7,86.5
CANTDI,19,83.5
EUGEGR,15.7,83.2
ARCHKU,17.6,81.3
MONOMA,19.2,89.7
ARCHCY,0,0
XANTRU,19.2,80.4
AAAAAA,0,0
APORPE,28.9,89.5
MEL1FU,26.2,81.3
PTEREC,28.4,85.4
KNEMSC,26,83.1
MANGQU,28.7,86
GIRONE,24.1,86.6
MONOMA,20.2,88.5
SHORBR,22.5,90.4
POL1HY,27.4,90.2
APORBR,23.7,91.8
MALLPE,27.3,92.2
MEMEAM,24.1,94.9
BUCHSE,26.2,96.3
BARRPE,25,98.3
POL1JE,25.9,99.6
MACALO,20.3,98.4
MESUFE,20.9,97.8
EUGEP3,31,95.2
KNEMSC,30.9,99.7
EUGES2,33.5,98
CALODI,32.4,94.5
APORBR,35.5,90
BEILM2,36.9,98
SHORM2,38.4,99.2
KNEMFU,32.4,80.6
XANTGR,37.2,87.2
BEILM2,32.4,85.9
ALPHMA,36.2,84.1
HOPEME,33.5,83.6
SHORP2,31.5,81.9
XYLOFS,35,80.4
GORDSI,41.1,81.3
MEL1AN,44.2,80.6
SHORM1,40.8,82.9
CROTLA,41.7,82.5
DIOSSU,43.8,83.2
EUGEP3,43.8,86.9
SHORL1,46.5,88.4
DIPTC1,47.1,91.9
MESUFE,45.5,92.2
EUGERI,40.3,91.9
KNEMMA,40.1,93.7
KNEMMA,42.3,95.4
DACRR1,40.8,95.8
SHORM1,43.8,96.1
DACRR1,45,99.4
CANTDI,40.9,99.7
PTEREC,49,97.3
BACCRE,49.3,95
MIC1CA,51.4,95.4
PEN1MO,53.6,99.3
MONOMA,52.8,99.7
AGLASP,54.6,97.8
MONOMA,53.5,99.8
PAYELU,56,95.4
RYPAKU,59.5,95.9
MEMEMI,59.9,99
ATUNPE,58.6,97.8
MEL1FU,59.4,88
CROTLA,54.5,89.5
SHORP1,56.1,91.7
PIMEGR,47.2,86
PARKJA,54.6,87.4
PIMEGR,50.7,89.8
LITHCU,51.5,86.9
INTSPA,52.3,86
CYNOMA,48.9,85.6
SANDKO,50.2,84.2
EUGEDU,50.7,82.9
PORTAN,52.2,81.2
KNEMSC,55.1,82.7
PAYELU,54.2,84.1
PORTAN,55.6,82.8
NEOSKI,59.3,82.7
PTERCO,59.3,83.8
PAYELU,55.6,86.2
KNEMSC,48.4,88
XANTRU,47.3,99.9
HOPEME,79.7,85
BARRPE,79.7,85.6
SHORM2,60.5,89
EUGEC1,63.5,87.9
EUGEGR,68.2,89.1
MONOMA,67,90
DACRR1,65.7,91.4
SHOROV,63.5,92
DACRR1,64.4,93.4
MESURA,64.1,94
HOPEME,66.7,95.7
EUGEC4,66.5,96.1
MADHL1,64.1,98.7
XANTEU,64.4,99.5
CROTLA,61.8,98
XYLOM1,70.2,87.2
SHORM1,70.5,89
DRYPLO,70.8,95.7
DIPTC1,78.5,97.5
KNEMMA,78.7,98.2
SHORM1,75.9,83.2
LITSFI,78.3,83
NAUCOF,73.8,81
SHORL2,69.6,83.1
TIMOWA,67.6,81.4
DIOSSI,72.4,99.6
CARABR,81.6,80.2
APORBR,82,81.6
CASTME,86.4,82.6
MEMEAM,85.2,83
APORAU,87.4,84
ALANRI,90.8,80.7
DACRR1,89.8,81.6
STERPA,91.6,84.9
EUGEC1,94.1,86.2
ELAEP3,93.5,85
ARTOKE,94,83.2
APORBR,96,83.5
DIPLMA,94.3,86.8
APORPR,92.1,89.2
CALOTE,88.4,90.3
CANTDI,84.2,89.8
POL1RU,82.6,89.8
EUGEC1,80.3,86
DIPTC1,85.3,88.2
DRYPLO,80.7,91.6
ELLATA,80.4,93.4
SHORM1,81.1,94.9
SHORM1,82.7,95.2
EUGEC1,83.4,96.1
DIPTC1,85,97.6
SHORP2,85.5,98.1
GIRONE,86.8,95.3
NEPHCO,90.4,97.5
DIPTC1,90.5,95.1
CANALR,93.1,95.1
DYERCO,93.5,95.4
INTSPA,91.4,93.7
EUGESP,91.8,93.7
SHORM1,92,93.3
SCA1SP,95.5,96.4
DIPTC1,97.6,94.5
ALANEB,97,94.2
DIOSBU,97.3,95.5
XERONO,99.8,93
ARCHBU,96.4,94.1
SCA2MA,97.7,98.9
BACCRA,96.8,90.7
CANTDI,96.8,87
MONOMA,98.4,86.7
QUERAR,99.6,82.3
ELAEFE,0,0
ELATTA,80,100
PORTAN,80.9,101.3
HOPEDR,83.6,104.4
DIPTC1,88.8,105.1
ARCHBU,89,106
MEMEMI,88.6,108.1
MEMEMI,88.3,109.5
MEZZLE,89.2,108.8
PTYCCO,89.4,108.7
SHORAC,83.7,111.6
DIPLMA,81.3,107.7
SANTTO,89.9,114.6
ONCOMO,90.4,112.5
GIRONE,81.7,118.6
LANSDO,85.1,119.5
ALANEB,84.5,118
PIMEGR,0,0
GREWLA,0,0
KOILLO,89.7,118.1
OCHAAM,91.1,118.5
XERONO,92.9,117.8
CHRYLA,97.4,119.4
ELAERU,98.4,119.9
BUCHSE,99.3,117.5
DRYPPE,98.9,116.9
DILLSU,99.3,115.4
ARTOFU,98.3,112.8
APORPR,95.7,111.9
MONOMA,94.4,111.8
DIPTC1,95.5,111.5
BACCPA,92.3,112.2
MEMEO2,92.4,110.2
RYPAKU,100,107.3
POL1GL,95.9,108.8
KOILLO,98.9,100.3
MONOMA,96.6,102.3
MEMEAM,98.2,101.2
SHORL2,93,101
APORAU,92.3,103.5
CROTLA,60.6,102.5
CALOTE,60.8,100.3
ALANRI,64.2,104.1
DACRR1,62.2,101.8
SHORM2,68.3,104.2
EUGEPU,69.1,108
BUCHSE,70.6,107.6
OCHAAM,79.2,109.4
SINDWA,66.4,107.5
BACCPY,67,107.3
DIOSRU,70.4,109
ACROPO,70.8,110.3
NEPHER,69,112.4
CALOTE,71.3,112.9
BACCRE,67.1,112.9
LEPISE,71.6,115.2
SYMPAD,72,114.5
XYLOM2,63.7,114.9
KIBAAR,63,113.8
SHORM2,61.2,109.2
NEOBHE,63.8,117.4
SHORM2,63.3,120
BUCHSE,60.5,119.2
LITHCU,66.7,119.9
SAR1GR,67.1,117.4
SCA2MA,68.1,117.2
APORNI,74,115.5
ALPHMA,73.9,119.5
DACRR1,0,0
MEMEMI,74.5,118.2
KNEMLA,72.1,118.4
XERONO,74.7,113.5
ANI1LA,78.8,110.3
KNEMPA,79.2,119.2
HOPEME,78.6,118
DACRR1,78.8,119.6
PTEREC,78.8,110.1
CALOWA,74.1,109.1
PORTAN,78.2,105.2
PIMEGR,75.5,101.7
SHORM1,76.6,102.8
HOPEME,76,103.5
PEN2ST,74.8,104.8
GIROPA,77,100.8
PEN1MO,72.2,100
MONOMA,42.8,103.9
MEMEMI,44.3,104.9
POL1JE,0,0
IXONIC,46.2,104.5
BOUEMA,45.4,104.7
INTSPA,49.8,103.8
CYNOMA,49.2,103.2
GANUSN,49.6,100.3
ARCHBU,50.8,101.1
XANTEU,47.4,110
XANTEU,49.9,108.2
XANTEU,40,100
APORAR,49.5,108.3
NEPHER,41.6,108.3
CROTLA,42.2,105.8
DACRR1,42.6,116.5
CASTME,40.4,118
SHORM2,44.3,115.9
LITHWA,44.7,113.1
CALOSO,47.6,113.1
PIMEGR,48.4,115.2
CALOWA,48.7,117.1
RYPAKU,48.4,111.4
SINDEC,48.6,115.2
DIPLMA,51.5,111
BACCPY,54.6,111.5
BUCHSE,53.8,117.3
MEMEMI,55.1,119.7
RYPAKU,56.5,113.7
ADENBI,59.4,116
PIMEGR,57,117.8
GARCPA,56.8,115.1
BEILP2,56.2,117.4
EUGESC,57.4,114.6
ALPHMA,56.4,117
SHORM1,59.5,112.7
HORSS2,54.6,109.5
KOOMMA,56.9,108.3
MESUFE,0,0
PHYLEM,55.6,106.6
ONCOMO,58.3,100.9
BEILDI,59.3,100.7
LEPISE,53.1,100.8
SCHOAC,26,101
ARTOLO,26.8,100.5
DACRR1,31.8,100.1
DACRR1,31.5,101.9
MALLPE,28.2,104.5
XANTGR,21,101.9
DYSOCA,21.1,102.7
SAR1GR,29,107.7
EUGECL,27.1,109.1
SHORM1,26.4,109.5
SHORM2,27.8,108.2
LANSDO,23.2,108.8
MALLPE,20.6,112
DRYPLO,30.3,109.8
MALLPE,32.2,108
CROTLA,0,0
MACALO,33.3,109.7
XANTEU,29.9,111.2
MALLPE,29.1,112.3
XANTRU,25.3,113.5
OCHAAM,21.6,112
MALLPE,23.6,116.4
MALLPE,21.8,116.8
CROTLA,21.8,118.4
SHORM1,39.6,108.5
SHORM1,22,119.8
MALLPE,23.4,118.5
MALLPE,28.8,117.6
LITHEW,29.3,118.2
DRYPLO,28.6,116.3
ARCHBU,29.5,116.3
XANTEU,35.1,115.3
SCHOAC,36.4,117.3
SHORM1,35.2,117.4
SHORP1,35.4,116.6
PALAH2,39.7,117.6
DRYPLO,40,119.3
HORSPO,38.1,114.1
EUGENA,38.6,113
EUGEC1,37,113.9
NEPHER,39,109.4
HOPEME,39.4,108.5
MACALO,32.7,114.5
DACRRO,33.2,116.8
LANSDO,38,105.8
DIOSAP,2.8,100.3
DURIGR,3.2,102.9
MONOMA,4.7,104.6
MACALO,8.7,102.6
MESUFE,9.3,103
CROTLA,6.5,106.6
MACALO,1.4,106
BACCRE,8.2,110.2
MEMEO2,8.4,110.7
BOUEMA,7.5,112.9
PRUNAR,0,0
KNEMMA,5.2,115
EUGEP3,2.9,114.5
OCHAAM,3.3,115
CRY1GR,5.8,118.4
MALLPE,13.7,117.2
DACRR1,14,108
DRYPLO,16.8,107
APORAR,17.6,108.1
MACALO,17.6,108.9
DIOSLA,16.3,113.1
SHORM1,17.4,112.8
BOUEOP,16.8,114.3
IRVIMA,14.5,105.8
MACALO,13.5,105.5
KNEMLA,14.2,106.4
EUGESU,15.6,112.5
DACRR1,19.7,102.8
GREWMI,11.3,118.6
ALANRI,4.2,125.7
MEMEPU,4.8,124.8
HOPEDR,5.1,125.2
GONOGR,8.1,122.3
SHORL2,7.8,123.3
NEOSKI,8,121.4
PORTAN,7.2,124.3
GIRONE,5.7,126.2
NEPHOP,8.8,129.2
SHORP2,9.2,128.9
SHORP1,10.4,130.1
MANGQU,13.8,129.8
KOOMMA,4.2,130.2
POL1JE,4.4,131.5
EUGEC1,5.7,131.1
SHORP1,6.4,131.4
CROTLA,8,131
IXONIC,3.6,132.8
NEOSKI,1.2,135
RYPAKU,1.4,137.3
CASTME,3.3,138
SHORP1,0.4,138.2
BEILDI,7.8,136.2
SHORP1,7.6,139.2
MEMEMI,11.5,138.2
GARCPA,12.8,137.5
KIBAMA,15.4,137.2
ARCHBU,11.9,133.9
HOPEME,12.5,133.3
CROTLA,0,0
MANGQU,13.2,131.2
CALOWA,14.4,134.9
XANTEU,13.4,129.1
CROTLA,11.7,123.4
SCA2MA,15.9,127.4
EUGEC1,18.4,128.4
SHORMA,18.5,129.2
DURIGR,17.7,121.5
HOPEME,18,122
TRI3MA,17.7,121.2
MALLPE,11,120.3
EUGESU,0,0
XANTEU,20,120
LEPISE,23.5,122.6
SHORM1,25.2,121
MALLPA,20.4,124.7
APORAR,25.9,126.3
POL1SC,29.9,129.8
LITHWA,31.8,130.6
MESUFE,31.8,130.3
PTYCCO,21.4,129.9
SHORM1,30,130
SHORM1,30.8,130.4
SHORM1,33.2,126.6
SHORP2,30.2,129.4
SHORM2,23.8,130.8
ARCHBU,26.1,132.7
SANTTO,29.5,131.5
BEILDI,29.8,133.1
SHORM1,26.2,133
XANTGR,28.2,132.8
SHORP2,32,133.5
HOPEME,35.3,133
KNEMSC,21.4,132.8
MACALO,21,134.7
EUGEGR,20.5,136.3
SAR1GR,21.4,138.2
CALOWA,0,0
MEMEO2,24,138.3
SHORP2,32,133.5
CALOWA,26.1,138.4
NEOBHE,28.6,139.6
KNEMMA,31,138.5
APORPR,39.5,139.4
AGLAFO,39.4,135.4
SHORM1,39.6,138
PTYCCO,34.1,131.7
SHORM1,0,0
ARCHBU,0,0
GANUSN,32.6,127.6
SHORAC,0,0
SHORAC,36.8,127.2
QUERAR,38,127.2
GREWMI,39.1,128.2
MEMEAM,37.8,124.2
ARCHBU,33.4,123.6
MACALO,35.8,123.4
QUERAR,33.6,125.6
XANTRU,34.3,122.3
SHORM1,32.6,120.8
ELATTA,39.2,121.4
EUGECL,39.1,123.2
MESURA,31.3,122.7
KNEMSC,43.5,120.3
HOPEME,41.2,120.4
MACALO,41.3,122.7
HOPEME,41.3,124.2
MILLAT,47.8,123.6
DACRR1,50,121.2
MILLAT,51.8,121
DACRR1,46,126.2
HOPEME,0,0
MEMEAM,46.7,127.3
CANTDI,45.3,127.6
SHORAC,43.5,128
CANAAP,47.7,128.5
ELATTA,44.8,130.5
MEMEAM,43,130.4
SANTLA,41.9,132
MESUFE,45,131
CROTLA,41.9,133.5
CANAPA,46.4,138.2
EUGEGR,47.8,136.8
EUGEC1,48,138.4
LITHCO,48,136.2
SHOROV,47,136.6
MILLAT,50,137.4
ANI1LA,54.7,137.6
CRY1CA,57.4,139.6
CALOWA,54.8,137.1
AIDICO,57.4,139.6
SHORP2,55.2,134.6
SHORM1,50.8,130.2
ARCHBU,51.3,135.9
MESURA,53,131.4
ARCHBU,52.5,128.8
SAR1GR,53.8,128.6
CANALL,52.6,123
ALANRI,54.3,128.6
BUCHSE,59.6,129.3
KNEMSC,56,125.5
ARTODA,58,122.3
PAYELU,40,139.6
ELATTA,62.5,122.8
DIOSSI,62.2,124.6
CALODE,62.2,123.8
SCHOAC,62,125.6
PTYCCO,60.6,127.1
SANTRU,64.6,125.1
DACRRO,69.2,123.3
LITSFE,66.4,130.1
ELAEFL,65.4,138.3
SINDEC,63.4,129.4
SANDKO,64.9,128.8
NEOSKI,66.4,138.5
RYPAKU,60.1,139.7
SANTTO,62.4,139.8
HORSFL,71.2,137.5
PERKSP,71.2,138.8
MESUFE,71.6,137.7
BACCRE,75.4,136.4
BACCPA,78.3,137.5
SHORP2,77.8,134.6
VATIBE,79.6,134.3
XERONO,79.5,133.2
DIPTC1,77.2,132.3
SHORM1,76,131.2
ANI1LA,74.3,132.6
VATIBE,71.4,130.8
GIROSU,72.8,129
EUGECL,0,0
ALANEB,73.4,128.8
KNEMSC,75.7,129.7
APORSY,78.6,129.7
PEN1MO,70.3,127.6
DRYPLO,70.6,127.8
LANSDO,70.6,126.5
MONOMA,71.4,125.9
XERONO,72.8,124.8
XANTST,73.1,124.4
HERISI,71.6,123.6
MADHL1,77.3,125
DIPTC1,78.4,122
POL1SU,77.8,121.8
AAAAAA,0,0
SCA1SP,81,120.4
XERONO,85.9,120
SANTLA,88.2,121.1
ARDICO,85.4,123.2
XANTST,87.7,123.6
SHORAC,89.6,123.3
TIMOWA,87.5,126.8
IXONIC,88.6,127.8
PTEREC,91.7,128.2
MONOMA,89.7,129.4
EUGEGR,82.6,128
BARRPE,83.7,127.4
EUGESU,81,129.8
BLUMTO,82.6,134.5
XERONO,82.5,137.6
XANTEU,82,139.6
CALODI,83.8,132.8
NEOBHE,84.4,130.2
XANTRU,88.2,131.8
BRACHO,88.8,134.8
LITHCU,88.4,136.7
CYATRA,90,133
CLE1SU,90.2,138.5
DIOSBU,89.7,139.6
DACRR1,84.4,136.5
SHORP2,85.3,137.4
LITHCU,92.1,135.8
CYNOMA,93.4,135.5
ARTOSC,91.1,135.6
SHORM1,93,137.5
DACRR1,93,138.6
PAROVA,97.5,134.1
HOMADI,97.8,131.7
ORMOVE,98.5,130.4
IXONIC,96.9,128
SAR1GR,93.7,130.1
SANDKO,93.2,130.5
CYNOMA,97.1,126.5
HORSS2,97.3,123.6
DIOSLA,99.3,123.7
SCA2MA,91.6,121.6
CALOTE,94.3,122
XERONO,93.7,123
MANGQU,87.9,140.5
XERONO,88.4,140.7
CYATRA,89.3,142.2
XANTEU,85.2,146.2
LANSDO,85.4,145.2
TERMSU,87.7,146.4
MEL1FU,88,145.1
HOPEDR,85.9,147.9
SANDKO,84.8,149.8
DACRLA,84.7,150.3
MONOMA,83,149
CANALR,80.2,150.6
GREWMI,80,152.5
GREWMI,80.1,156.1
SARADE,88.7,159.1
SARADE,84,158.6
SARADE,89.9,157.6
SARADE,89.9,158.3
SARADE,90.6,157.6
SARADE,92.7,157.6
SARADE,94.9,159
SARADE,94.4,156.4
SARADE,93.3,154
SARADE,93.4,152
SYMPFE,90.3,151.6
GYMNFO,96.3,154.4
SARADE,98.2,150.8
PAR1OB,98.9,158.5
SARADE,99.8,149.1
SARADE,98,148
SARADE,98.1,149.2
SARADE,97.9,147.7
SARADE,96.1,146.4
SARADE,96.3,146.1
SARADE,96.7,145.7
SARADE,96.7,145.3
SARADE,99.5,143.3
ARDIPA,80.4,143.8
DIOSA1,69.5,144
ELATTA,60.8,145.3
EUGESU,67.2,146.9
XANTST,67.6,145.2
NEOSKI,0,0
DURIGR,70.8,146.3
ACROPO,71.3,142
CROTER,71.1,142.4
EUGEGR,69,142.9
EUGEGR,69,148.8
HORSS2,70.5,150.7
ALANRI,67.1,150.9
ANI2CO,64.6,151.8
EUGENA,62.2,153.3
CANAME,62.8,154.4
SHORP1,65.6,153.3
RYPAKU,67.6,154.4
SHORM2,60.5,157.4
IXONIC,65.8,158.8
POMEPA,63.8,158.4
DRYPPO,62.2,158.2
KIBAAR,66.3,158.8
SAR1GR,69.8,154.6
PALAMA,69.4,155
OCHAAM,68.7,155.8
PORTAN,68,156.7
KNEMST,70.8,153.8
APORAR,69.9,157.7
SINDCO,73,151.8
BACCKU,60,140
BACCKU,73.8,148.2
SANTRU,76.4,146
MACAHO,75.6,150
MEL1FU,72.1,150
POL1SC,70.4,149.4
KIBAAR,76.9,150.8
PORTAN,0,0
DIOSA1,79.4,151.6
GREWBL,79.2,148.5
ARTODA,77.7,147.7
XANTEU,75.5,157.8
PEN1MO,73.9,154.4
FICUSA,80,140
XANTST,79.4,143.9
AAAAAA,0,0
BUCHAR,79.4,145
REINCI,80,143.1
XANTEU,53.5,140.2
BEILDI,59.8,144.6
SANTTO,40.5,140.4
CANALR,40.9,140.6
SANTTO,41.4,143.4
EUGECL,43.6,144.2
NEOBHE,40.8,141.6
PIMEGR,40.5,143
GREWBL,46.5,147.4
SHORM1,0,0
ARCHBU,43.9,147.3
KNEMLA,45.1,146.8
PORTAN,48.2,148.3
GREWMI,47.4,149.8
RYPAKU,49,151.9
SHORM2,52.2,150.1
XERONO,50.7,149.3
MESURA,50.6,148.8
ALPHMA,53.4,149.5
CANAPA,53.1,151.1
GYNOAX,53.1,153.1
LITSCO,42.6,149.8
GLUTM2,43.1,153.9
MONOMA,42.7,154
RYPAKU,42.1,154.8
EUGECH,40.5,154.6
KNEMFU,44.4,157.5
GANUSN,49.8,156.8
OCHAAM,49.6,155
DRYPLO,52.5,156.1
KNEMSC,55.4,153
ANI1LA,59.6,151.7
EUGEDU,56.4,150.9
PAYELU,57.2,148.8
GIROPA,59,148.3
ONCOMO,56.5,147.2
DACRR1,54.2,148.1
LANSDO,53.7,142.3
SANTAP,55.4,142.3
SHORL2,56.2,143.6
MILLAT,56.6,142.2
OCHAAM,57.4,145.4
HOPEME,23.9,140.3
CANALR,26.5,141.3
MILLAT,27.8,141.4
PAROVA,28,140.5
DIPLMA,30.4,149.4
DRYPKI,30.8,142.6
ARCHBU,32.8,142.3
SANTTO,32.9,145.3
KNEMMA,29.2,145.5
SCA2MA,28.4,148.2
SHORL1,28,149
DIALWA,30.3,149.5
XANTEU,31.4,149.4
SHORM2,29.7,151.7
DIPLMA,26.6,151.1
MESUFE,21.5,149.1
SHORM2,22.1,147
CROTAR,22.4,144.7
CROTAR,25,147.5
EUGEC1,22.2,151.2
SCHOAC,22.4,153.2
PORTAN,22.8,153.5
CROTAR,22.1,153.8
SHORM2,23.5,154.2
PIMEGR,20.8,154.6
CALOMA,23.4,153.3
SCA2MA,24.7,158.6
SANTLA,24.7,159.1
MONOMA,24.4,159.7
ARCHBU,32.8,153.2
EUGEP3,33.8,152.8
KNEMCO,33.2,151.7
RYPAKU,32.3,150.2
VATIBE,34.7,149.9
LITHRA,35.9,152.7
OCHAAM,38.2,150.5
SAR1GR,37.9,149.5
EUGERI,38.9,150.6
DRYPLO,38.6,147.3
CROTAR,39.6,148
CALODI,37.6,142.5
SHORP2,33.5,141.5
NEPHCO,4.5,142.3
KNEMHO,7.1,145.2
BACCRE,5.8,143.8
CASTME,5.5,142.8
MEL1FU,4.6,148.8
HOPEME,5.7,148.9
EUGEC1,0.4,148
SHORP1,1.3,145.3
BEILDI,1.1,150.6
RYPAKU,0.9,152.9
CALODI,8.3,152
MONOMA,5,152.2
XANTEU,7.8,152
GIRONE,3,155
ARTOLO,0.6,159.2
CANTDI,8.9,148.5
PARKSP,10.6,147.3
SHORM2,14.9,156.3
DIOSBU,16.1,159.1
EUGEC1,19.4,157.1
SHORM1,18.1,152
XANTGR,16.8,152.4
CARABR,15.8,152.3
IXONIC,6.9,148.8
ARCHBU,13.2,148.4
CROTAR,15.4,149.3
PAR1CO,19.3,145.3
BACCRA,16.7,143.9
ALANRI,15.5,141.9
MESURA,13.5,140.3
ALPHMA,11.1,144.3
BACCRA,0.7,163.9
PTYCCO,3,162.3
CANALR,8.5,160.7
EUGEGR,8.5,166.7
GREWMI,8.6,164.2
PTYCCO,7,167.8
XANTEU,8.1,170.6
NEOSKI,8,171.2
DIOSBU,7.7,170.9
XANTST,2,171.3
CRY1RU,5.2,171
MESUFE,0.7,171.5
EUGEFI,2.4,170
APORPE,2.3,175.4
DILLSU,0,0
XANTST,9,176.9
MONOMA,9,175.4
HOPEBR,6,177.6
PALAMA,10.9,177.6
DACRR1,11.1,177.4
ARDICO,12.2,179.5
IXONIC,14.8,176.9
DIPTKU,10.8,165.7
DACRRO,0,0
SHORM2,8.8,167.6
MONOMA,17.3,167.7
LITHSU,14.7,171
HOPEDR,14.4,168.4
ARTOLO,17.1,164.6
ANI1LA,19.2,165.2
XANTGR,13.9,162.2
GARCNI,21.4,161.4
SHORAC,27.2,163.2
SHORP2,28.8,161.1
KNEMPA,28.6,161.4
EUGEP3,29.2,161.2
XANTEU,30.7,161.2
HOPEME,28.4,163.8
XYLOFO,30.1,164.3
EUGEGR,24.2,167.5
KOOMMA,23.3,166.9
SHORP1,23,168
IXONIC,21,167.2
PTEREC,25.8,169.7
ALANRI,21,172.2
MYRIM1,21,176.1
GONYAF,22.1,173.5
SANTLA,22.2,178.1
OCHAAM,23.3,177.9
NEPHCO,28.7,173.7
SCA1SP,26,174.3
SINDVE,29.7,173.3
LICASP,29.7,175
CALODI,32.2,175.1
LINDOX,0,0
SANTLA,32.4,167.4
HERIEL,32.1,171.3
BHESPA,33.1,171.7
MEZZLE,35,171.2
PORTAN,34.9,173.9
EUGEP3,37.9,172.6
GREWMI,38.1,170
HOPEDR,38.8,169.5
XYLOFS,39.7,178.5
CHISER,39.2,168.3
CROTAR,39.4,166.4
DRYPLO,38.9,165.2
MILLAT,39.1,164.3
ACTIPR,39.7,161.6
CALODI,34.7,160.9
PALAMA,35.9,164.5
MEL1FU,0,0
MYRICI,36.6,164.5
DACRR2,40.4,170.8
DACRLA,41,160.2
CALODI,40.5,161.5
HOPEDR,43,160.7
XYLOFS,41.8,160
DIALWA,43,161.8
SHORM1,44.9,160.1
ELATTA,46.8,160.2
ALPHMA,47.8,160.1
SINDVE,51.8,160.6
OCHAAM,49.7,162.9
MEZZLE,51.9,163
ALPHMA,50.7,164.3
BEILP2,50.7,168.4
RYPAKU,45.3,168
DACRR1,46.4,165.6
POMEPA,43.7,168.4
LANSDO,42.5,169.9
OCHAAM,40.5,171.3
GONOGR,42.3,172.6
LANSDO,41.8,173.9
LEPISE,42.8,173.1
PTEREC,45.8,172.7
LITHSU,50.7,173.6
XANTEU,50.4,177.5
TRI1HY,44.5,177.8
SANTTO,42.6,178.7
DACRR1,44.1,179.7
DIPTC1,52.9,177
SHORP2,52.4,177
SHORAC,57.1,178.9
EUGECL,55.3,179.4
ARCHBU,57,177.8
SHORP1,57,175.5
XANTGR,54.4,174.2
MONOMA,53.8,172.5
DACRR1,54.4,172.2
SHORDA,56.5,171.1
CROTAR,56.4,170
PIMEGR,56.3,170.1
CALODI,56.7,168.5
SHORP2,55.1,167.2
BACCRE,59.1,171
KIBAAR,59.9,165
APORNI,57.3,160
CROTAR,59.5,162.7
PIMEGR,60,162.8
PALAH2,69.6,163.2
PAROVA,67,165.8
XERONO,70.1,163.1
KOILLO,71.9,164.1
POL1SU,71.3,163.2
ALANEB,70.4,163
SHORM1,66.2,169.7
PALAMA,68.3,170.1
ALANEB,72.1,167.9
CYATRA,69.9,170.3
XYLOFS,69.9,171.2
BACCMI,60,160
SANTTO,64.1,169.9
PORTAN,65,172
GARCAT,64,172.2
POL1HY,61.9,171.2
ARCHBU,64.6,178.1
DIOSLA,69.4,176.5
DRYPLO,72.6,172.3
DACRCO,72.1,178.2
SHORL1,75.1,178.7
SHORL1,72.7,178.5
XYLOM1,71.6,178.1
RYPAKU,79.7,178.3
CANTDI,79.8,175.7
GREWBL,75.9,172.9
MONOMA,70.9,173
DACRR1,73.3,173.5
NEOBHE,75.1,170.2
APORAU,74.4,170.4
ALANEB,74.1,169
KOOMMA,77.2,166.8
PAYELU,0,0
PEN1MO,78.8,169.4
BARRPE,74.5,163.6
SCA1SP,70.4,163.2
DIOSLA,79.9,165.2
XANTEU,63.7,179.8
XERONO,80.9,161.7
DACRR1,80.2,169.6
CYNOMA,85.4,168.3
XERONO,82.9,168.6
BUCHSE,82,164
ARTORI,82.9,171.2
SARADE,86.1,179.1
GIRONE,82.8,178.7
SARADE,87.3,177.2
SARADE,86.8,176
SARADE,89.3,179.6
SARADE,89.6,178.1
SARADE,87.5,171.7
DRYPPO,85.8,172
SARADE,88.4,170.2
SARADE,89.2,169.1
SARADE,89.8,166.2
SARADE,91.3,162.7
SARADE,92.2,171.5
SARADE,94.9,172.5
SARADE,94,174.6
SARADE,92.2,174.5
SARADE,92.8,175.9
SARADE,93.7,177.7
SARADE,95.9,177.1
SARADE,99.2,177.7
SARADE,95.6,178.4
SARADE,95.8,179.6
SARADE,99.7,172.7
KNEMMA,95.7,165.2
MEMEO2,99.2,162.5
BARRPE,81.7,190.3
BACCRA,82.4,189.5
RYPAKU,82.6,186.4
XYLOCA,83.4,185.1
DACRR2,81.6,192.1
ARTOSC,81.5,194.3
LEPISE,84.9,196
GIRONE,86.6,195.9
MYRIM2,87.6,194.6
LEPISE,88,194.4
LANSDO,84.2,199.2
HOPEME,80.8,197.9
EUGEFI,85.1,197.5
CANAP2,89.3,197.9
XERONO,93.1,199.7
SARADE,89.9,191.9
SARADE,86.8,186.7
SARADE,88.1,184.6
SARADE,87.8,184.7
SARADE,88.5,184.6
KNEMLA,89,185.2
SARADE,94.5,192
SARADE,95.2,191.3
SARADE,94.9,196.7
SARADE,95.5,198.2
SARADE,96.5,198.6
SARADE,98.8,199.3
SARADE,96.4,199.5
SARADE,99.6,197.4
SARADE,91.6,199.5
SARADE,89.4,199.6
SARADE,87.8,199.8
SARADE,91.9,180
SARADE,97,188.5
SARADE,95.2,188.4
SARADE,92.1,188.8
SARADE,90.3,185.7
SARADE,91.7,183.9
SARADE,99.5,185.9
SARADE,99.6,184.2
SARADE,99.9,183.7
SARADE,99.9,182.5
SARADE,99.6,181.2
SARADE,98.6,181
SARADE,99.7,180.6
SARADE,94.3,180.5
SARADE,93,180.4
SARADE,92.4,181.9
DIPTC1,0,0
BACCRA,65.7,181.4
XYLOM2,64.6,182.4
ALPHEL,63.8,184.6
EUGE10,62.7,186.4
DIPLMA,68.5,183.8
POL1SC,61.8,188.8
DIALPL,62.6,189
SHORAC,62.8,191.3
DIALPR,69.1,193.9
ELAENI,0,0
POPOTC,70.5,194.5
CALODI,70.6,195.9
SHORL1,69.2,196.3
CROTAR,70.9,196.8
ANI1LA,62.2,196
ADENBI,63.7,194.5
GREWFI,66.5,197.2
MILLAT,61.4,196.4
EUGEDE,62.7,196.4
EUGEDE,63.1,193.2
ANI1LA,66,197.4
XERONO,63.1,197.5
SHORM1,62,198.5
APORBR,61.3,199.8
OCHAAM,68,199.8
CANTDI,72.5,195
RYPAKU,74.3,192.6
SAPIBA,77,196.5
PARKSP,76.9,197.2
SHORL1,79.3,194.6
CALORU,79.1,195.5
MEL1TO,76.5,193.3
CALODI,79,192.5
CANALR,79.2,191.8
KOILLO,78.9,189
PTYCCO,77.4,188.2
IXONIC,79.2,184.5
PIMEGR,76.7,188
GARCS1,74.8,188.7
POPOTC,70.3,190.9
KNEMCU,68.6,189.6
ARTOSC,68.4,190.3
PIMEGR,69.5,191.1
POL1RU,71.1,188.3
LITHCU,76.6,180.6
CHISTO,74.1,180.9
CROTAR,73.8,182.8
SAR1GR,71.1,182.2
SANDKO,70.4,181.4
SHORM1,55.3,182.2
SCA2MA,41.7,181.2
POL1SU,45.4,180.9
BACCRE,43.7,184.5
DRYPLO,49.2,184
AAAAAA,0,0
CROTAR,49.4,185
RYPAAC,52.4,183.5
POL1SU,48.2,188.8
ALANEB,52.4,189
ALANRI,45.7,189.7
EUGESP,46.3,190.8
SANTLA,47.8,194.3
SHORP1,43.7,194.9
XERONO,43.6,195.1
SHORBR,50.3,195
TRIOMA,51.8,194.7
PIMEGR,50.5,193.5
CYNOMA,49.7,199.3
CROTAR,49.2,197.6
MESUFE,58.3,195.8
EUGES2,54.8,199.6
SHORM1,57.3,196.6
MANGFO,57.5,191.5
PIMEGR,55.8,190.2
CALODI,55.6,190.2
DACRCO,52.3,189.9
PEN1MO,0,0
LITHRA,58.1,184.4
CALOWA,58.3,183.4
APORBR,54.4,183.2
HOPEDR,53.7,185.2
MEMEO2,56.5,180.6
SHORM1,0,0
ALPHEL,56.7,181.3
ALPHEL,56.8,181.4
PTEREC,25.3,181.1
SHORM3,31.3,180.2
NEPHPA,34.1,180.3
ACTIPO,0,0
DACRR1,26.6,187.7
MONOMA,25.7,188.9
ALPHMA,23.9,191.4
CALODI,22.9,190.4
EUGESD,27.2,190
ALANRI,21.1,185.7
CRY1IN,20.8,186.6
MONOMA,32.1,194.7
PORTAN,31.9,191
VATIBE,32.5,196.7
CINNIN,32.7,192.2
SHORP1,34.6,191.7
TIMOWA,31,194.5
CALOWA,36,196.7
AIDICO,37.5,194.5
SHORP1,36.3,194.4
CROTAR,35.1,195
APORSY,38.1,191
SHORP1,39.1,196.1
NEPHMA,35,185
POL1HY,36.9,184.4
SHORP1,39,187.2
ACROPO,33.4,183.1
PEN1MO,34.6,183.7
INTSPA,35.9,180.6
MONOMA,35.6,182.6
ALANRI,5.5,190.1
GREWMI,4.8,190
EUGERI,5.8,189.6
SCA1SP,3,186.8
GARCBA,2.7,186.2
DACRRO,2.7,184.8
HOPEME,8.3,192.7
CALODI,5.4,191.2
CROTLA,5.8,192.4
VATIBE,4.8,190.8
EUGERI,3.2,192.5
GREWBL,1.7,191.1
POL1HY,2.2,194.4
XYLOFS,10.2,197.9
EUGEFI,12.8,193.9
SHORM1,13.4,191
DURIGR,15.8,189.2
NEPHMA,17.1,187.4
ANI1LA,17.8,182.6
OCHAAM,19.5,184.7
SHORL1,12.6,186.7
MESURA,18.6,198
CANAPA,13.8,188
SAR1GR,16.4,190.2
SHORM2,16.9,192
MESURA,19.2,191.3
DURIGR,17.7,197.6
OCHAAM,16.6,198.1
KNEMSC,19.9,197.1
BACCHO,16.4,186.1
